<?xml version="1.0"?>
<opencv_storage>
<stage17>
  <maxWeakCount>17</maxWeakCount>
  <stageThreshold>-9.6301901340484619e-01</stageThreshold>
  <weakClassifiers>
    <_>
      <internalNodes>
        0 -1 29822 5.6988029973581433e-04</internalNodes>
      <leafValues>
        -4.4034707546234131e-01 2.4561403691768646e-01</leafValues></_>
    <_>
      <internalNodes>
        0 -1 164031 3.1017463188618422e-03</internalNodes>
      <leafValues>
        -1.8149840831756592e-01 4.2887002229690552e-01</leafValues></_>
    <_>
      <internalNodes>
        0 -1 102490 -5.7907486334443092e-03</internalNodes>
      <leafValues>
        3.9676111936569214e-01 -1.9670672714710236e-01</leafValues></_>
    <_>
      <internalNodes>
        0 -1 26435 2.6382450014352798e-02</internalNodes>
      <leafValues>
        1.5850871801376343e-01 -5.1204645633697510e-01</leafValues></_>
    <_>
      <internalNodes>
        0 -1 14791 -3.5195108503103256e-03</internalNodes>
      <leafValues>
        5.1825636625289917e-01 -8.6459189653396606e-02</leafValues></_>
    <_>
      <internalNodes>
        0 -1 82510 -1.1062317062169313e-03</internalNodes>
      <leafValues>
        3.5265767574310303e-01 -1.6814659535884857e-01</leafValues></_>
    <_>
      <internalNodes>
        0 -1 61162 4.6009863726794720e-03</internalNodes>
      <leafValues>
        -1.1595740169286728e-01 5.3493005037307739e-01</leafValues></_>
    <_>
      <internalNodes>
        0 -1 110832 -2.0654046535491943e-01</internalNodes>
      <leafValues>
        -1.0447411239147186e-01 6.1270302534103394e-01</leafValues></_>
    <_>
      <internalNodes>
        0 -1 35441 -2.5367541238665581e-02</internalNodes>
      <leafValues>
        -7.5667154788970947e-01 9.3622118234634399e-02</leafValues></_>
    <_>
      <internalNodes>
        0 -1 87352 3.0445246957242489e-03</internalNodes>
      <leafValues>
        -1.7347951233386993e-01 3.6593198776245117e-01</leafValues></_>
    <_>
      <internalNodes>
        0 -1 52130 -3.3239178359508514e-02</internalNodes>
      <leafValues>
        6.9977742433547974e-01 -8.4002606570720673e-02</leafValues></_>
    <_>
      <internalNodes>
        0 -1 15025 -2.9508966952562332e-02</internalNodes>
      <leafValues>
        -4.2836621403694153e-01 1.5450212359428406e-01</leafValues></_>
    <_>
      <internalNodes>
        0 -1 29504 -5.0138230435550213e-03</internalNodes>
      <leafValues>
        5.6197482347488403e-01 -1.2732258439064026e-01</leafValues></_>
    <_>
      <internalNodes>
        0 -1 146513 -1.2279568240046501e-02</internalNodes>
      <leafValues>
        5.7119989395141602e-01 -8.7835639715194702e-02</leafValues></_>
    <_>
      <internalNodes>
        0 -1 56824 5.5934968404471874e-03</internalNodes>
      <leafValues>
        -2.0861510932445526e-01 3.2358932495117188e-01</leafValues></_>
    <_>
      <internalNodes>
        0 -1 32712 -2.0547267794609070e-01</internalNodes>
      <leafValues>
        4.7145506739616394e-01 -1.3427238166332245e-01</leafValues></_>
    <_>
      <internalNodes>
        0 -1 144576 -7.0849549956619740e-04</internalNodes>
      <leafValues>
        3.4540379047393799e-01 -1.9824215769767761e-01</leafValues></_></weakClassifiers></stage17>
</opencv_storage>
