<?xml version="1.0"?>
<opencv_storage>
<stage13>
  <maxWeakCount>14</maxWeakCount>
  <stageThreshold>-9.0437334775924683e-01</stageThreshold>
  <weakClassifiers>
    <_>
      <internalNodes>
        0 -1 27613 5.0700545310974121e-02</internalNodes>
      <leafValues>
        -3.8996139168739319e-01 4.7368422150611877e-01</leafValues></_>
    <_>
      <internalNodes>
        0 -1 175122 -2.3612733930349350e-03</internalNodes>
      <leafValues>
        -7.6035392284393311e-01 2.8154587373137474e-02</leafValues></_>
    <_>
      <internalNodes>
        0 -1 100011 -1.4515593647956848e-04</internalNodes>
      <leafValues>
        -2.5164514780044556e-01 2.8277823328971863e-01</leafValues></_>
    <_>
      <internalNodes>
        0 -1 105815 4.1199047118425369e-03</internalNodes>
      <leafValues>
        3.8274399936199188e-02 -8.6718702316284180e-01</leafValues></_>
    <_>
      <internalNodes>
        0 -1 557 1.0697370395064354e-02</internalNodes>
      <leafValues>
        -1.7192269861698151e-01 3.6130180954933167e-01</leafValues></_>
    <_>
      <internalNodes>
        0 -1 164461 2.4618598399683833e-04</internalNodes>
      <leafValues>
        1.6806641221046448e-01 -3.9558830857276917e-01</leafValues></_>
    <_>
      <internalNodes>
        0 -1 71044 2.7033481746912003e-03</internalNodes>
      <leafValues>
        6.2961995601654053e-02 -8.9918977022171021e-01</leafValues></_>
    <_>
      <internalNodes>
        0 -1 9870 1.3911672867834568e-03</internalNodes>
      <leafValues>
        1.7150123417377472e-01 -4.2368176579475403e-01</leafValues></_>
    <_>
      <internalNodes>
        0 -1 118664 -3.2446566969156265e-02</internalNodes>
      <leafValues>
        8.1466913223266602e-01 -8.3546712994575500e-02</leafValues></_>
    <_>
      <internalNodes>
        0 -1 124444 6.2867288943380117e-04</internalNodes>
      <leafValues>
        1.8004986643791199e-01 -3.9349740743637085e-01</leafValues></_>
    <_>
      <internalNodes>
        0 -1 141866 -2.1582185290753841e-03</internalNodes>
      <leafValues>
        -6.8009734153747559e-01 1.0452329367399216e-01</leafValues></_>
    <_>
      <internalNodes>
        0 -1 66746 7.8042934183031321e-04</internalNodes>
      <leafValues>
        1.5566848218441010e-01 -3.9838263392448425e-01</leafValues></_>
    <_>
      <internalNodes>
        0 -1 103298 -7.3591328691691160e-04</internalNodes>
      <leafValues>
        -4.4318392872810364e-01 1.5640966594219208e-01</leafValues></_>
    <_>
      <internalNodes>
        0 -1 45384 -2.2645375132560730e-01</internalNodes>
      <leafValues>
        3.9825427532196045e-01 -1.8317161500453949e-01</leafValues></_></weakClassifiers></stage13>
</opencv_storage>
