<?xml version="1.0"?>
<opencv_storage>
<stage0>
  <maxWeakCount>6</maxWeakCount>
  <stageThreshold>-9.7663664817810059e-01</stageThreshold>
  <weakClassifiers>
    <_>
      <internalNodes>
        0 -1 79625 -2.4417594075202942e-02</internalNodes>
      <leafValues>
        6.6666668653488159e-01 -4.5674043893814087e-01</leafValues></_>
    <_>
      <internalNodes>
        0 -1 55614 -1.5955775976181030e-01</internalNodes>
      <leafValues>
        -1. 1.5649010241031647e-01</leafValues></_>
    <_>
      <internalNodes>
        0 -1 154899 -6.6446140408515930e-02</internalNodes>
      <leafValues>
        3.4533202648162842e-01 -6.7358368635177612e-01</leafValues></_>
    <_>
      <internalNodes>
        0 -1 58446 -1.4395964331924915e-02</internalNodes>
      <leafValues>
        -5.2600491046905518e-01 3.6058074235916138e-01</leafValues></_>
    <_>
      <internalNodes>
        0 -1 58670 -2.1536383777856827e-02</internalNodes>
      <leafValues>
        3.5286572575569153e-01 -5.2369916439056396e-01</leafValues></_>
    <_>
      <internalNodes>
        0 -1 164902 -9.0393852442502975e-03</internalNodes>
      <leafValues>
        -9.7759312391281128e-01 1.7033658921718597e-01</leafValues></_></weakClassifiers></stage0>
</opencv_storage>
