<?xml version="1.0"?>
<opencv_storage>
<stage8>
  <maxWeakCount>15</maxWeakCount>
  <stageThreshold>-9.4697523117065430e-01</stageThreshold>
  <weakClassifiers>
    <_>
      <internalNodes>
        0 -1 59281 2.6291543617844582e-03</internalNodes>
      <leafValues>
        -5.2815014123916626e-01 1.0891088843345642e-01</leafValues></_>
    <_>
      <internalNodes>
        0 -1 84151 4.0521609783172607e-01</internalNodes>
      <leafValues>
        5.7726278901100159e-02 -8.7057816982269287e-01</leafValues></_>
    <_>
      <internalNodes>
        0 -1 31723 -6.3397071789950132e-04</internalNodes>
      <leafValues>
        3.3514043688774109e-01 -1.8940055370330811e-01</leafValues></_>
    <_>
      <internalNodes>
        0 -1 94098 -7.0269587449729443e-03</internalNodes>
      <leafValues>
        4.0977087616920471e-01 -1.6323123872280121e-01</leafValues></_>
    <_>
      <internalNodes>
        0 -1 58433 4.5384349505184218e-05</internalNodes>
      <leafValues>
        -2.6941171288490295e-01 2.3022830486297607e-01</leafValues></_>
    <_>
      <internalNodes>
        0 -1 177688 -1.8176136072725058e-03</internalNodes>
      <leafValues>
        -7.9358065128326416e-01 6.1861820518970490e-02</leafValues></_>
    <_>
      <internalNodes>
        0 -1 153969 -9.7832758910953999e-04</internalNodes>
      <leafValues>
        4.0028524398803711e-01 -1.6010941565036774e-01</leafValues></_>
    <_>
      <internalNodes>
        0 -1 81646 2.8624385595321655e-02</internalNodes>
      <leafValues>
        -1.7060697078704834e-01 4.2963787913322449e-01</leafValues></_>
    <_>
      <internalNodes>
        0 -1 54216 -1.8575031310319901e-02</internalNodes>
      <leafValues>
        2.9462236166000366e-01 -2.3362852632999420e-01</leafValues></_>
    <_>
      <internalNodes>
        0 -1 163508 1.5125925419852138e-03</internalNodes>
      <leafValues>
        -2.0354475080966949e-01 3.2493701577186584e-01</leafValues></_>
    <_>
      <internalNodes>
        0 -1 130671 -9.2230036854743958e-02</internalNodes>
      <leafValues>
        6.6139703989028931e-01 -1.4209222793579102e-01</leafValues></_>
    <_>
      <internalNodes>
        0 -1 114175 4.8955781385302544e-03</internalNodes>
      <leafValues>
        -1.5550288558006287e-01 4.5021769404411316e-01</leafValues></_>
    <_>
      <internalNodes>
        0 -1 62923 -1.7632450908422470e-02</internalNodes>
      <leafValues>
        5.3000426292419434e-01 -1.2087510526180267e-01</leafValues></_>
    <_>
      <internalNodes>
        0 -1 86529 -3.2983787357807159e-02</internalNodes>
      <leafValues>
        4.6425929665565491e-01 -1.4675050973892212e-01</leafValues></_>
    <_>
      <internalNodes>
        0 -1 80207 9.8380725830793381e-04</internalNodes>
      <leafValues>
        -1.7154487967491150e-01 4.0332791209220886e-01</leafValues></_></weakClassifiers></stage8>
</opencv_storage>
