<?xml version="1.0"?>
<opencv_storage>
<stage24>
  <maxWeakCount>19</maxWeakCount>
  <stageThreshold>-9.9520081281661987e-01</stageThreshold>
  <weakClassifiers>
    <_>
      <internalNodes>
        0 -1 31907 -1.6555720940232277e-03</internalNodes>
      <leafValues>
        4.3478259444236755e-01 -3.6862003803253174e-01</leafValues></_>
    <_>
      <internalNodes>
        0 -1 143754 -3.5687615163624287e-03</internalNodes>
      <leafValues>
        4.7487968206405640e-01 -1.6151612997055054e-01</leafValues></_>
    <_>
      <internalNodes>
        0 -1 158255 4.2164616286754608e-02</internalNodes>
      <leafValues>
        1.0284610092639923e-01 -8.0258053541183472e-01</leafValues></_>
    <_>
      <internalNodes>
        0 -1 156973 -1.1493355035781860e-01</internalNodes>
      <leafValues>
        -3.4279316663742065e-01 1.7618238925933838e-01</leafValues></_>
    <_>
      <internalNodes>
        0 -1 100466 -7.4322861619293690e-03</internalNodes>
      <leafValues>
        4.6034795045852661e-01 -1.1374424397945404e-01</leafValues></_>
    <_>
      <internalNodes>
        0 -1 97107 2.8624655678868294e-02</internalNodes>
      <leafValues>
        1.0136529058218002e-01 -4.3187287449836731e-01</leafValues></_>
    <_>
      <internalNodes>
        0 -1 151462 1.8622361123561859e-02</internalNodes>
      <leafValues>
        -7.3545254766941071e-02 6.4475280046463013e-01</leafValues></_>
    <_>
      <internalNodes>
        0 -1 153336 2.4990958627313375e-04</internalNodes>
      <leafValues>
        1.6183590888977051e-01 -3.2472470402717590e-01</leafValues></_>
    <_>
      <internalNodes>
        0 -1 98645 -1.1264412105083466e-01</internalNodes>
      <leafValues>
        1.2653063237667084e-01 -4.6865651011466980e-01</leafValues></_>
    <_>
      <internalNodes>
        0 -1 140512 -2.3114425130188465e-03</internalNodes>
      <leafValues>
        -1.2438918650150299e-01 4.0209770202636719e-01</leafValues></_>
    <_>
      <internalNodes>
        0 -1 140678 -2.0628345664590597e-03</internalNodes>
      <leafValues>
        4.7049939632415771e-01 -1.2600617110729218e-01</leafValues></_>
    <_>
      <internalNodes>
        0 -1 81342 1.8996436148881912e-02</internalNodes>
      <leafValues>
        -9.2957183718681335e-02 5.5571633577346802e-01</leafValues></_>
    <_>
      <internalNodes>
        0 -1 140338 2.0707135554403067e-03</internalNodes>
      <leafValues>
        1.7386388778686523e-01 -4.0112185478210449e-01</leafValues></_>
    <_>
      <internalNodes>
        0 -1 4520 3.6167867947369814e-03</internalNodes>
      <leafValues>
        -9.4926163554191589e-02 5.6679391860961914e-01</leafValues></_>
    <_>
      <internalNodes>
        0 -1 103186 1.4259219169616699e-02</internalNodes>
      <leafValues>
        -9.7942717373371124e-02 5.4944205284118652e-01</leafValues></_>
    <_>
      <internalNodes>
        0 -1 28907 2.0050864666700363e-02</internalNodes>
      <leafValues>
        5.7192236185073853e-02 -9.3279558420181274e-01</leafValues></_>
    <_>
      <internalNodes>
        0 -1 178261 -3.0363734811544418e-02</internalNodes>
      <leafValues>
        -5.9059894084930420e-01 7.6848901808261871e-02</leafValues></_>
    <_>
      <internalNodes>
        0 -1 28517 -2.3673493415117264e-02</internalNodes>
      <leafValues>
        8.4621667861938477e-02 -5.6145817041397095e-01</leafValues></_>
    <_>
      <internalNodes>
        0 -1 58432 -2.7430657064542174e-04</internalNodes>
      <leafValues>
        -3.1628012657165527e-01 1.8142454326152802e-01</leafValues></_></weakClassifiers></stage24>
</opencv_storage>
