<?xml version="1.0"?>
<opencv_storage>
<stage15>
  <maxWeakCount>18</maxWeakCount>
  <stageThreshold>-9.8679667711257935e-01</stageThreshold>
  <weakClassifiers>
    <_>
      <internalNodes>
        0 -1 168337 -2.1393142640590668e-02</internalNodes>
      <leafValues>
        4.9019607901573181e-01 -3.8167938590049744e-01</leafValues></_>
    <_>
      <internalNodes>
        0 -1 94689 -6.6624553874135017e-03</internalNodes>
      <leafValues>
        3.3025428652763367e-01 -2.5909894704818726e-01</leafValues></_>
    <_>
      <internalNodes>
        0 -1 137298 -5.7185593992471695e-02</internalNodes>
      <leafValues>
        8.2786500453948975e-01 -4.8887159675359726e-02</leafValues></_>
    <_>
      <internalNodes>
        0 -1 126520 2.4979613721370697e-02</internalNodes>
      <leafValues>
        -9.4885878264904022e-02 5.8448910713195801e-01</leafValues></_>
    <_>
      <internalNodes>
        0 -1 152599 5.8041918091475964e-03</internalNodes>
      <leafValues>
        -7.0873394608497620e-02 5.9226727485656738e-01</leafValues></_>
    <_>
      <internalNodes>
        0 -1 97851 2.0018298178911209e-02</internalNodes>
      <leafValues>
        -8.7925307452678680e-02 7.1691918373107910e-01</leafValues></_>
    <_>
      <internalNodes>
        0 -1 17073 -1.0587852448225021e-03</internalNodes>
      <leafValues>
        3.0468878149986267e-01 -1.8366183340549469e-01</leafValues></_>
    <_>
      <internalNodes>
        0 -1 149286 -2.9002188239246607e-04</internalNodes>
      <leafValues>
        2.3272401094436646e-01 -2.6847323775291443e-01</leafValues></_>
    <_>
      <internalNodes>
        0 -1 29279 -2.6373881846666336e-03</internalNodes>
      <leafValues>
        4.4304868578910828e-01 -1.1346101760864258e-01</leafValues></_>
    <_>
      <internalNodes>
        0 -1 55077 -1.7075978219509125e-02</internalNodes>
      <leafValues>
        7.2539168596267700e-01 -1.0622740536928177e-01</leafValues></_>
    <_>
      <internalNodes>
        0 -1 178608 1.0347241768613458e-03</internalNodes>
      <leafValues>
        -1.6627654433250427e-01 3.5578119754791260e-01</leafValues></_>
    <_>
      <internalNodes>
        0 -1 25493 3.4710774198174477e-03</internalNodes>
      <leafValues>
        -1.1010313034057617e-01 5.8953982591629028e-01</leafValues></_>
    <_>
      <internalNodes>
        0 -1 177897 5.9199361130595207e-03</internalNodes>
      <leafValues>
        -9.6300229430198669e-02 6.7592507600784302e-01</leafValues></_>
    <_>
      <internalNodes>
        0 -1 134925 -1.9334541633725166e-02</internalNodes>
      <leafValues>
        6.4041876792907715e-01 -8.4786102175712585e-02</leafValues></_>
    <_>
      <internalNodes>
        0 -1 42759 -7.5751721858978271e-02</internalNodes>
      <leafValues>
        -1.3786692917346954e-01 5.1846212148666382e-01</leafValues></_>
    <_>
      <internalNodes>
        0 -1 124934 -1.8914407119154930e-02</internalNodes>
      <leafValues>
        4.7416079044342041e-01 -1.3980753719806671e-01</leafValues></_>
    <_>
      <internalNodes>
        0 -1 130899 -7.3824939318001270e-03</internalNodes>
      <leafValues>
        5.0006496906280518e-01 -1.2551407516002655e-01</leafValues></_>
    <_>
      <internalNodes>
        0 -1 173497 2.4135888088494539e-03</internalNodes>
      <leafValues>
        -1.9055265188217163e-01 3.2186999917030334e-01</leafValues></_></weakClassifiers></stage15>
</opencv_storage>
