<?xml version="1.0"?>
<opencv_storage>
<stage7>
  <maxWeakCount>18</maxWeakCount>
  <stageThreshold>-9.9182623624801636e-01</stageThreshold>
  <weakClassifiers>
    <_>
      <internalNodes>
        0 -1 1007 -4.7649580240249634e-01</internalNodes>
      <leafValues>
        -4.1520467400550842e-01 6.1290323734283447e-01</leafValues></_>
    <_>
      <internalNodes>
        0 -1 169510 -2.0560701377689838e-03</internalNodes>
      <leafValues>
        3.9975908398628235e-01 -2.4137815833091736e-01</leafValues></_>
    <_>
      <internalNodes>
        0 -1 2309 -1.3322286307811737e-02</internalNodes>
      <leafValues>
        -4.8457077145576477e-01 1.6049389541149139e-01</leafValues></_>
    <_>
      <internalNodes>
        0 -1 173890 9.2145670205354691e-03</internalNodes>
      <leafValues>
        -1.8090371787548065e-01 4.3167394399642944e-01</leafValues></_>
    <_>
      <internalNodes>
        0 -1 69057 -3.0887015163898468e-03</internalNodes>
      <leafValues>
        3.7029454112052917e-01 -1.5309034287929535e-01</leafValues></_>
    <_>
      <internalNodes>
        0 -1 37824 -7.1492046117782593e-02</internalNodes>
      <leafValues>
        7.7638667821884155e-01 -1.2430398911237717e-01</leafValues></_>
    <_>
      <internalNodes>
        0 -1 83031 -1.2508817017078400e-02</internalNodes>
      <leafValues>
        -9.6028715372085571e-02 7.6175308227539063e-01</leafValues></_>
    <_>
      <internalNodes>
        0 -1 112763 -2.4793026968836784e-02</internalNodes>
      <leafValues>
        4.9798238277435303e-01 -1.2749901413917542e-01</leafValues></_>
    <_>
      <internalNodes>
        0 -1 124036 4.4246585457585752e-04</internalNodes>
      <leafValues>
        -1.9393533468246460e-01 3.6123037338256836e-01</leafValues></_>
    <_>
      <internalNodes>
        0 -1 77728 2.3057142272591591e-02</internalNodes>
      <leafValues>
        -1.9812488555908203e-01 3.3865559101104736e-01</leafValues></_>
    <_>
      <internalNodes>
        0 -1 105819 -6.7806118167936802e-03</internalNodes>
      <leafValues>
        -1.2218493223190308e-01 5.9785139560699463e-01</leafValues></_>
    <_>
      <internalNodes>
        0 -1 29505 -5.6898896582424641e-04</internalNodes>
      <leafValues>
        3.3303967118263245e-01 -2.1662585437297821e-01</leafValues></_>
    <_>
      <internalNodes>
        0 -1 40 2.6972866617143154e-03</internalNodes>
      <leafValues>
        -2.2819174826145172e-01 3.3922326564788818e-01</leafValues></_>
    <_>
      <internalNodes>
        0 -1 104243 -8.7039601057767868e-03</internalNodes>
      <leafValues>
        -6.4345794916152954e-01 1.2075304985046387e-01</leafValues></_>
    <_>
      <internalNodes>
        0 -1 140354 -7.1194856427609921e-03</internalNodes>
      <leafValues>
        6.1111688613891602e-01 -1.5393769741058350e-01</leafValues></_>
    <_>
      <internalNodes>
        0 -1 57528 3.7956065498292446e-03</internalNodes>
      <leafValues>
        -1.3128416240215302e-01 5.5963009595870972e-01</leafValues></_>
    <_>
      <internalNodes>
        0 -1 174415 8.2907546311616898e-04</internalNodes>
      <leafValues>
        -1.7851093411445618e-01 4.1377887129783630e-01</leafValues></_>
    <_>
      <internalNodes>
        0 -1 28631 3.8698442280292511e-02</internalNodes>
      <leafValues>
        -1.2050186097621918e-01 6.3043349981307983e-01</leafValues></_></weakClassifiers></stage7>
</opencv_storage>
