<?xml version="1.0"?>
<opencv_storage>
<stage6>
  <maxWeakCount>14</maxWeakCount>
  <stageThreshold>-6.8528974056243896e-01</stageThreshold>
  <weakClassifiers>
    <_>
      <internalNodes>
        0 -1 119136 -1.6626238822937012e-01</internalNodes>
      <leafValues>
        -4.2083331942558289e-01 2.8421053290367126e-01</leafValues></_>
    <_>
      <internalNodes>
        0 -1 105182 -2.0441167056560516e-02</internalNodes>
      <leafValues>
        4.5477995276451111e-01 -1.8563482165336609e-01</leafValues></_>
    <_>
      <internalNodes>
        0 -1 15 9.0299535077065229e-04</internalNodes>
      <leafValues>
        -2.6195797324180603e-01 3.1366056203842163e-01</leafValues></_>
    <_>
      <internalNodes>
        0 -1 82468 2.9466537758708000e-02</internalNodes>
      <leafValues>
        -1.6600286960601807e-01 4.3406328558921814e-01</leafValues></_>
    <_>
      <internalNodes>
        0 -1 70725 -1.1195482313632965e-01</internalNodes>
      <leafValues>
        6.2453430891036987e-01 -1.1582314968109131e-01</leafValues></_>
    <_>
      <internalNodes>
        0 -1 86247 -9.0161226689815521e-03</internalNodes>
      <leafValues>
        5.4449683427810669e-01 -1.2158047407865524e-01</leafValues></_>
    <_>
      <internalNodes>
        0 -1 114580 1.2481110170483589e-02</internalNodes>
      <leafValues>
        1.0601604729890823e-01 -7.9217427968978882e-01</leafValues></_>
    <_>
      <internalNodes>
        0 -1 17087 -7.9883418977260590e-02</internalNodes>
      <leafValues>
        -9.6621388196945190e-01 8.7774805724620819e-02</leafValues></_>
    <_>
      <internalNodes>
        0 -1 90508 -3.8084998726844788e-02</internalNodes>
      <leafValues>
        4.4068044424057007e-01 -1.9819027185440063e-01</leafValues></_>
    <_>
      <internalNodes>
        0 -1 126374 1.4201042056083679e-01</internalNodes>
      <leafValues>
        -1.4709720015525818e-01 5.0482571125030518e-01</leafValues></_>
    <_>
      <internalNodes>
        0 -1 173475 2.3013902828097343e-03</internalNodes>
      <leafValues>
        -1.8601138889789581e-01 4.6159917116165161e-01</leafValues></_>
    <_>
      <internalNodes>
        0 -1 26048 -1.1046668887138367e-01</internalNodes>
      <leafValues>
        -4.3977239727973938e-01 2.0001426339149475e-01</leafValues></_>
    <_>
      <internalNodes>
        0 -1 86357 -6.5437247976660728e-03</internalNodes>
      <leafValues>
        5.1288437843322754e-01 -1.8834941089153290e-01</leafValues></_>
    <_>
      <internalNodes>
        0 -1 122896 -4.0484666824340820e-03</internalNodes>
      <leafValues>
        3.4119468927383423e-01 -2.4346895515918732e-01</leafValues></_></weakClassifiers></stage6>
</opencv_storage>
