<?xml version="1.0"?>
<opencv_storage>
<stage4>
  <maxWeakCount>10</maxWeakCount>
  <stageThreshold>-7.8224980831146240e-01</stageThreshold>
  <weakClassifiers>
    <_>
      <internalNodes>
        0 -1 121105 3.7139754742383957e-02</internalNodes>
      <leafValues>
        -4.3983402848243713e-01 3.9784947037696838e-01</leafValues></_>
    <_>
      <internalNodes>
        0 -1 173215 1.5948977321386337e-02</internalNodes>
      <leafValues>
        -2.0005014538764954e-01 5.9759861230850220e-01</leafValues></_>
    <_>
      <internalNodes>
        0 -1 141276 -3.1196791678667068e-03</internalNodes>
      <leafValues>
        3.3665999770164490e-01 -3.1504780054092407e-01</leafValues></_>
    <_>
      <internalNodes>
        0 -1 173467 2.0122760906815529e-03</internalNodes>
      <leafValues>
        -1.3477589190006256e-01 6.2522709369659424e-01</leafValues></_>
    <_>
      <internalNodes>
        0 -1 34030 -9.5800841227173805e-03</internalNodes>
      <leafValues>
        5.0069940090179443e-01 -1.9504541158676147e-01</leafValues></_>
    <_>
      <internalNodes>
        0 -1 40261 1.4974590390920639e-02</internalNodes>
      <leafValues>
        -1.0596083104610443e-01 6.9141691923141479e-01</leafValues></_>
    <_>
      <internalNodes>
        0 -1 164739 8.0526741221547127e-03</internalNodes>
      <leafValues>
        -1.2325386703014374e-01 6.2814712524414063e-01</leafValues></_>
    <_>
      <internalNodes>
        0 -1 163625 -5.6403661146759987e-03</internalNodes>
      <leafValues>
        5.4835236072540283e-01 -1.4203765988349915e-01</leafValues></_>
    <_>
      <internalNodes>
        0 -1 178911 -9.5755793154239655e-04</internalNodes>
      <leafValues>
        1.0075527429580688e-01 -9.0687781572341919e-01</leafValues></_>
    <_>
      <internalNodes>
        0 -1 167956 -2.9259335994720459e-01</internalNodes>
      <leafValues>
        -7.7959662675857544e-01 1.2129276245832443e-01</leafValues></_></weakClassifiers></stage4>
</opencv_storage>
