<?xml version="1.0"?>
<opencv_storage>
<stage11>
  <maxWeakCount>16</maxWeakCount>
  <stageThreshold>-9.5890927314758301e-01</stageThreshold>
  <weakClassifiers>
    <_>
      <internalNodes>
        0 -1 932 2.7409070730209351e-01</internalNodes>
      <leafValues>
        -4.0518963336944580e-01 3.7837839126586914e-01</leafValues></_>
    <_>
      <internalNodes>
        0 -1 140873 -4.0120230987668037e-03</internalNodes>
      <leafValues>
        -7.1824449300765991e-01 1.0018461197614670e-01</leafValues></_>
    <_>
      <internalNodes>
        0 -1 56745 2.4449108168482780e-02</internalNodes>
      <leafValues>
        6.0950253158807755e-02 -9.3324267864227295e-01</leafValues></_>
    <_>
      <internalNodes>
        0 -1 25561 3.7962310016155243e-03</internalNodes>
      <leafValues>
        1.4255180954933167e-01 -5.4293584823608398e-01</leafValues></_>
    <_>
      <internalNodes>
        0 -1 168897 -1.0682136780815199e-04</internalNodes>
      <leafValues>
        -3.4002494812011719e-01 2.2800679504871368e-01</leafValues></_>
    <_>
      <internalNodes>
        0 -1 175084 7.1659013628959656e-03</internalNodes>
      <leafValues>
        1.1250960826873779e-01 -6.8353831768035889e-01</leafValues></_>
    <_>
      <internalNodes>
        0 -1 53080 3.2896054908633232e-03</internalNodes>
      <leafValues>
        1.3397194445133209e-01 -5.7819032669067383e-01</leafValues></_>
    <_>
      <internalNodes>
        0 -1 154294 -1.0700294515118003e-03</internalNodes>
      <leafValues>
        -7.5850081443786621e-01 9.1960743069648743e-02</leafValues></_>
    <_>
      <internalNodes>
        0 -1 78203 -6.7891716957092285e-02</internalNodes>
      <leafValues>
        -7.1363556385040283e-01 8.7095536291599274e-02</leafValues></_>
    <_>
      <internalNodes>
        0 -1 121165 -3.5089210141450167e-03</internalNodes>
      <leafValues>
        -5.2969312667846680e-01 1.2594604492187500e-01</leafValues></_>
    <_>
      <internalNodes>
        0 -1 101339 -2.7224522829055786e-01</internalNodes>
      <leafValues>
        7.3424506187438965e-01 -1.3046769797801971e-01</leafValues></_>
    <_>
      <internalNodes>
        0 -1 64921 1.3737946748733521e-02</internalNodes>
      <leafValues>
        1.8401555716991425e-01 -5.2495014667510986e-01</leafValues></_>
    <_>
      <internalNodes>
        0 -1 57332 1.2408006004989147e-03</internalNodes>
      <leafValues>
        1.7139686644077301e-01 -4.2988309264183044e-01</leafValues></_>
    <_>
      <internalNodes>
        0 -1 177510 1.6687199240550399e-04</internalNodes>
      <leafValues>
        2.1810965240001678e-01 -3.6743283271789551e-01</leafValues></_>
    <_>
      <internalNodes>
        0 -1 147518 4.4498043134808540e-03</internalNodes>
      <leafValues>
        9.7117476165294647e-02 -8.0643522739410400e-01</leafValues></_>
    <_>
      <internalNodes>
        0 -1 29695 -1.8081711605191231e-03</internalNodes>
      <leafValues>
        5.8143603801727295e-01 -1.5729556977748871e-01</leafValues></_></weakClassifiers></stage11>
</opencv_storage>
