<?xml version="1.0"?>
<opencv_storage>
<stage10>
  <maxWeakCount>10</maxWeakCount>
  <stageThreshold>-8.9790189266204834e-01</stageThreshold>
  <weakClassifiers>
    <_>
      <internalNodes>
        0 -1 25687 -3.4274399280548096e-01</internalNodes>
      <leafValues>
        4.0229883790016174e-01 -4.3032786250114441e-01</leafValues></_>
    <_>
      <internalNodes>
        0 -1 177896 -1.4877512585371733e-03</internalNodes>
      <leafValues>
        -6.2978333234786987e-01 1.6186143457889557e-01</leafValues></_>
    <_>
      <internalNodes>
        0 -1 52995 -1.7686861101537943e-03</internalNodes>
      <leafValues>
        -8.5135078430175781e-01 9.0484403073787689e-02</leafValues></_>
    <_>
      <internalNodes>
        0 -1 165400 -4.0056654252111912e-03</internalNodes>
      <leafValues>
        -9.3953877687454224e-01 1.0977771878242493e-01</leafValues></_>
    <_>
      <internalNodes>
        0 -1 29773 -5.1911668851971626e-03</internalNodes>
      <leafValues>
        3.5120597481727600e-01 -2.4221868813037872e-01</leafValues></_>
    <_>
      <internalNodes>
        0 -1 105624 1.1099716648459435e-03</internalNodes>
      <leafValues>
        1.2734566628932953e-01 -6.3737118244171143e-01</leafValues></_>
    <_>
      <internalNodes>
        0 -1 175255 2.0675384439527988e-03</internalNodes>
      <leafValues>
        1.0594271868467331e-01 -6.1923211812973022e-01</leafValues></_>
    <_>
      <internalNodes>
        0 -1 150703 -1.2548718368634582e-03</internalNodes>
      <leafValues>
        -5.5358451604843140e-01 1.5275396406650543e-01</leafValues></_>
    <_>
      <internalNodes>
        0 -1 168483 -4.0323259308934212e-03</internalNodes>
      <leafValues>
        -8.7221616506576538e-01 9.6161626279354095e-02</leafValues></_>
    <_>
      <internalNodes>
        0 -1 27419 4.1621956042945385e-03</internalNodes>
      <leafValues>
        7.3515564203262329e-02 -8.2872414588928223e-01</leafValues></_></weakClassifiers></stage10>
</opencv_storage>
