<?xml version="1.0"?>
<opencv_storage>
<stage5>
  <maxWeakCount>12</maxWeakCount>
  <stageThreshold>-9.6563583612442017e-01</stageThreshold>
  <weakClassifiers>
    <_>
      <internalNodes>
        0 -1 29398 -1.2921491637825966e-02</internalNodes>
      <leafValues>
        -7.4285715818405151e-02 -6.6222220659255981e-01</leafValues></_>
    <_>
      <internalNodes>
        0 -1 30329 -2.7721863985061646e-01</internalNodes>
      <leafValues>
        2.5697591900825500e-01 -3.1085771322250366e-01</leafValues></_>
    <_>
      <internalNodes>
        0 -1 142003 -3.3280430361628532e-03</internalNodes>
      <leafValues>
        1.2280845642089844e-01 -6.4773249626159668e-01</leafValues></_>
    <_>
      <internalNodes>
        0 -1 797 -3.7758594751358032e-01</internalNodes>
      <leafValues>
        -9.6141374111175537e-01 1.1803685873746872e-01</leafValues></_>
    <_>
      <internalNodes>
        0 -1 22143 -2.3925264831632376e-03</internalNodes>
      <leafValues>
        3.5063233971595764e-01 -2.2783121466636658e-01</leafValues></_>
    <_>
      <internalNodes>
        0 -1 140161 9.7693093121051788e-03</internalNodes>
      <leafValues>
        -1.5217760205268860e-01 6.0269457101821899e-01</leafValues></_>
    <_>
      <internalNodes>
        0 -1 62686 -6.6708761733025312e-04</internalNodes>
      <leafValues>
        3.2674676179885864e-01 -2.5304168462753296e-01</leafValues></_>
    <_>
      <internalNodes>
        0 -1 20049 -6.8992294836789370e-04</internalNodes>
      <leafValues>
        3.5003697872161865e-01 -2.2817842662334442e-01</leafValues></_>
    <_>
      <internalNodes>
        0 -1 18290 -5.3864158689975739e-02</internalNodes>
      <leafValues>
        -7.0360225439071655e-01 1.1495234817266464e-01</leafValues></_>
    <_>
      <internalNodes>
        0 -1 107157 3.9080660790205002e-03</internalNodes>
      <leafValues>
        -1.3919606804847717e-01 6.8520498275756836e-01</leafValues></_>
    <_>
      <internalNodes>
        0 -1 178403 1.6146150301210582e-04</internalNodes>
      <leafValues>
        2.3661988973617554e-01 -3.4674119949340820e-01</leafValues></_>
    <_>
      <internalNodes>
        0 -1 158840 1.5602381899952888e-02</internalNodes>
      <leafValues>
        -1.7248496413230896e-01 4.9184849858283997e-01</leafValues></_></weakClassifiers></stage5>
</opencv_storage>
