<?xml version="1.0"?>
<opencv_storage>
<stage12>
  <maxWeakCount>13</maxWeakCount>
  <stageThreshold>-9.8637473583221436e-01</stageThreshold>
  <weakClassifiers>
    <_>
      <internalNodes>
        0 -1 169980 -1.6783848404884338e-02</internalNodes>
      <leafValues>
        7.6923078298568726e-01 -3.5519126057624817e-01</leafValues></_>
    <_>
      <internalNodes>
        0 -1 169238 1.4146142639219761e-02</internalNodes>
      <leafValues>
        7.5395636260509491e-02 -7.4103301763534546e-01</leafValues></_>
    <_>
      <internalNodes>
        0 -1 27774 -1.0375445708632469e-02</internalNodes>
      <leafValues>
        -7.0905339717864990e-01 1.1250442266464233e-01</leafValues></_>
    <_>
      <internalNodes>
        0 -1 176581 -6.4704567193984985e-04</internalNodes>
      <leafValues>
        -5.5675035715103149e-01 1.0187140852212906e-01</leafValues></_>
    <_>
      <internalNodes>
        0 -1 106482 1.5270598232746124e-03</internalNodes>
      <leafValues>
        9.5438160002231598e-02 -6.6662776470184326e-01</leafValues></_>
    <_>
      <internalNodes>
        0 -1 83639 -2.6847302913665771e-02</internalNodes>
      <leafValues>
        7.1187186241149902e-01 -1.0188017785549164e-01</leafValues></_>
    <_>
      <internalNodes>
        0 -1 165311 -5.4067671298980713e-02</internalNodes>
      <leafValues>
        8.9730107784271240e-01 -6.3746072351932526e-02</leafValues></_>
    <_>
      <internalNodes>
        0 -1 56374 -2.1623275242745876e-03</internalNodes>
      <leafValues>
        -6.5259313583374023e-01 1.1859787255525589e-01</leafValues></_>
    <_>
      <internalNodes>
        0 -1 172389 4.2679993202909827e-04</internalNodes>
      <leafValues>
        1.5479585528373718e-01 -4.5620602369308472e-01</leafValues></_>
    <_>
      <internalNodes>
        0 -1 119728 -2.0946951583027840e-02</internalNodes>
      <leafValues>
        7.3887217044830322e-01 -1.0414519906044006e-01</leafValues></_>
    <_>
      <internalNodes>
        0 -1 20887 1.1281479895114899e-01</internalNodes>
      <leafValues>
        -1.0298270732164383e-01 6.0693395137786865e-01</leafValues></_>
    <_>
      <internalNodes>
        0 -1 106406 -3.2629281282424927e-01</internalNodes>
      <leafValues>
        4.6216252446174622e-01 -1.5193784236907959e-01</leafValues></_>
    <_>
      <internalNodes>
        0 -1 21222 -5.1910996437072754e-02</internalNodes>
      <leafValues>
        4.5030465722084045e-01 -1.5409295260906219e-01</leafValues></_></weakClassifiers></stage12>
</opencv_storage>
