<?xml version="1.0"?>
<opencv_storage>
<stage2>
  <maxWeakCount>14</maxWeakCount>
  <stageThreshold>-7.9743856191635132e-01</stageThreshold>
  <weakClassifiers>
    <_>
      <internalNodes>
        0 -1 87811 9.0633064508438110e-02</internalNodes>
      <leafValues>
        -4.1972920298576355e-01 7.2413790225982666e-01</leafValues></_>
    <_>
      <internalNodes>
        0 -1 31253 -3.2690759748220444e-02</internalNodes>
      <leafValues>
        3.8676086068153381e-01 -3.6699280142784119e-01</leafValues></_>
    <_>
      <internalNodes>
        0 -1 168152 1.0429147630929947e-02</internalNodes>
      <leafValues>
        -1.4959485828876495e-01 6.8767005205154419e-01</leafValues></_>
    <_>
      <internalNodes>
        0 -1 1294 -1.3475928455591202e-02</internalNodes>
      <leafValues>
        5.9054189920425415e-01 -1.8320819735527039e-01</leafValues></_>
    <_>
      <internalNodes>
        0 -1 50218 -5.4579563438892365e-02</internalNodes>
      <leafValues>
        6.6478127241134644e-01 -1.9700168073177338e-01</leafValues></_>
    <_>
      <internalNodes>
        0 -1 119360 9.3626845628023148e-03</internalNodes>
      <leafValues>
        -1.0734780877828598e-01 8.3972853422164917e-01</leafValues></_>
    <_>
      <internalNodes>
        0 -1 77842 4.3996786698698997e-03</internalNodes>
      <leafValues>
        1.6429315507411957e-01 -7.9661822319030762e-01</leafValues></_>
    <_>
      <internalNodes>
        0 -1 142218 -8.5469149053096771e-03</internalNodes>
      <leafValues>
        5.1344275474548340e-01 -2.1126535534858704e-01</leafValues></_>
    <_>
      <internalNodes>
        0 -1 87121 8.1101572141051292e-03</internalNodes>
      <leafValues>
        -2.5003331899642944e-01 4.8612779378890991e-01</leafValues></_>
    <_>
      <internalNodes>
        0 -1 41555 -6.3868567347526550e-02</internalNodes>
      <leafValues>
        5.3336304426193237e-01 -2.1732991933822632e-01</leafValues></_>
    <_>
      <internalNodes>
        0 -1 29617 -1.4438384678214788e-03</internalNodes>
      <leafValues>
        6.6946667432785034e-01 -1.8647240102291107e-01</leafValues></_>
    <_>
      <internalNodes>
        0 -1 162387 2.5241116061806679e-02</internalNodes>
      <leafValues>
        -1.4032271504402161e-01 6.7582678794860840e-01</leafValues></_>
    <_>
      <internalNodes>
        0 -1 11412 5.3017614409327507e-03</internalNodes>
      <leafValues>
        1.8435248732566833e-01 -6.0398602485656738e-01</leafValues></_>
    <_>
      <internalNodes>
        0 -1 69513 -9.0669021010398865e-02</internalNodes>
      <leafValues>
        6.2739038467407227e-01 -1.9218710064888000e-01</leafValues></_></weakClassifiers></stage2>
</opencv_storage>
