<?xml version="1.0"?>
<opencv_storage>
<stage1>
  <maxWeakCount>6</maxWeakCount>
  <stageThreshold>-7.9878902435302734e-01</stageThreshold>
  <weakClassifiers>
    <_>
      <internalNodes>
        0 -1 154559 -1.4400121569633484e-01</internalNodes>
      <leafValues>
        2.4305555224418640e-01 -8.5365855693817139e-01</leafValues></_>
    <_>
      <internalNodes>
        0 -1 23460 -2.7579195797443390e-02</internalNodes>
      <leafValues>
        5.6984972953796387e-01 -3.6841771006584167e-01</leafValues></_>
    <_>
      <internalNodes>
        0 -1 30752 -1.7915798351168633e-02</internalNodes>
      <leafValues>
        2.7979061007499695e-01 -6.6038471460342407e-01</leafValues></_>
    <_>
      <internalNodes>
        0 -1 137316 -2.8069965541362762e-02</internalNodes>
      <leafValues>
        6.7265921831130981e-01 -2.3037651181221008e-01</leafValues></_>
    <_>
      <internalNodes>
        0 -1 37407 4.2737871408462524e-03</internalNodes>
      <leafValues>
        2.4760994315147400e-01 -7.5484526157379150e-01</leafValues></_>
    <_>
      <internalNodes>
        0 -1 173112 -5.6785200722515583e-03</internalNodes>
      <leafValues>
        1.9045098125934601e-01 -6.6484975814819336e-01</leafValues></_></weakClassifiers></stage1>
</opencv_storage>
