<?xml version="1.0"?>
<opencv_storage>
<stage16>
  <maxWeakCount>19</maxWeakCount>
  <stageThreshold>-1.0041896104812622e+00</stageThreshold>
  <weakClassifiers>
    <_>
      <internalNodes>
        0 -1 56318 4.6711601316928864e-02</internalNodes>
      <leafValues>
        -4.1865509748458862e-01 1.5789473056793213e-01</leafValues></_>
    <_>
      <internalNodes>
        0 -1 138695 -2.3411191999912262e-02</internalNodes>
      <leafValues>
        -1.6360829770565033e-01 3.5415092110633850e-01</leafValues></_>
    <_>
      <internalNodes>
        0 -1 162005 -6.1192573048174381e-03</internalNodes>
      <leafValues>
        5.6094473600387573e-01 -9.9497824907302856e-02</leafValues></_>
    <_>
      <internalNodes>
        0 -1 28068 -2.1476250141859055e-02</internalNodes>
      <leafValues>
        3.5106924176216125e-01 -1.4382398128509521e-01</leafValues></_>
    <_>
      <internalNodes>
        0 -1 89156 -1.3404130935668945e-02</internalNodes>
      <leafValues>
        -1.0130536556243896e-01 5.5410647392272949e-01</leafValues></_>
    <_>
      <internalNodes>
        0 -1 34373 -7.1783806197345257e-04</internalNodes>
      <leafValues>
        3.2717922329902649e-01 -1.8602532148361206e-01</leafValues></_>
    <_>
      <internalNodes>
        0 -1 12715 -3.6894953809678555e-03</internalNodes>
      <leafValues>
        3.3709228038787842e-01 -1.5106426179409027e-01</leafValues></_>
    <_>
      <internalNodes>
        0 -1 178924 -6.8438341841101646e-03</internalNodes>
      <leafValues>
        3.7035718560218811e-01 -1.4117516577243805e-01</leafValues></_>
    <_>
      <internalNodes>
        0 -1 104550 -2.2959206253290176e-03</internalNodes>
      <leafValues>
        -8.1319287419319153e-02 5.2271360158920288e-01</leafValues></_>
    <_>
      <internalNodes>
        0 -1 19079 2.9241237789392471e-02</internalNodes>
      <leafValues>
        -2.5684702396392822e-01 2.1551246941089630e-01</leafValues></_>
    <_>
      <internalNodes>
        0 -1 172876 -3.0470318160951138e-03</internalNodes>
      <leafValues>
        -6.0902315378189087e-01 1.1124453693628311e-01</leafValues></_>
    <_>
      <internalNodes>
        0 -1 77298 -4.8529114574193954e-03</internalNodes>
      <leafValues>
        3.7063059210777283e-01 -1.5638940036296844e-01</leafValues></_>
    <_>
      <internalNodes>
        0 -1 18368 -5.6171603500843048e-03</internalNodes>
      <leafValues>
        2.6083135604858398e-01 -2.0634724199771881e-01</leafValues></_>
    <_>
      <internalNodes>
        0 -1 76054 2.0617446862161160e-03</internalNodes>
      <leafValues>
        -1.1025997251272202e-01 4.7866672277450562e-01</leafValues></_>
    <_>
      <internalNodes>
        0 -1 23380 -2.7529504150152206e-02</internalNodes>
      <leafValues>
        -4.3058830499649048e-01 1.3227954506874084e-01</leafValues></_>
    <_>
      <internalNodes>
        0 -1 25645 2.4914186447858810e-02</internalNodes>
      <leafValues>
        7.6710604131221771e-02 -7.8486210107803345e-01</leafValues></_>
    <_>
      <internalNodes>
        0 -1 96658 -1.5053919516503811e-02</internalNodes>
      <leafValues>
        -3.8149634003639221e-01 1.2637948989868164e-01</leafValues></_>
    <_>
      <internalNodes>
        0 -1 19035 -2.0051566883921623e-02</internalNodes>
      <leafValues>
        3.9925715327262878e-01 -1.4306285977363586e-01</leafValues></_>
    <_>
      <internalNodes>
        0 -1 150118 4.1540456004440784e-03</internalNodes>
      <leafValues>
        -2.1299815177917480e-01 2.6682680845260620e-01</leafValues></_></weakClassifiers></stage16>
</opencv_storage>
