<?xml version="1.0"?>
<opencv_storage>
<stage21>
  <maxWeakCount>17</maxWeakCount>
  <stageThreshold>-9.7652530670166016e-01</stageThreshold>
  <weakClassifiers>
    <_>
      <internalNodes>
        0 -1 150763 1.8709689378738403e-02</internalNodes>
      <leafValues>
        -3.8345864415168762e-01 6.7441862821578979e-01</leafValues></_>
    <_>
      <internalNodes>
        0 -1 80664 -1.6832131892442703e-02</internalNodes>
      <leafValues>
        -8.1124013662338257e-01 5.9964265674352646e-02</leafValues></_>
    <_>
      <internalNodes>
        0 -1 35920 -9.5062777400016785e-03</internalNodes>
      <leafValues>
        -6.8636626005172729e-02 5.5000448226928711e-01</leafValues></_>
    <_>
      <internalNodes>
        0 -1 175317 1.8348831683397293e-02</internalNodes>
      <leafValues>
        -1.1227366328239441e-01 6.6349846124649048e-01</leafValues></_>
    <_>
      <internalNodes>
        0 -1 51102 -1.8760083243250847e-02</internalNodes>
      <leafValues>
        7.6306456327438354e-01 -1.1110167950391769e-01</leafValues></_>
    <_>
      <internalNodes>
        0 -1 101773 -1.6259837895631790e-02</internalNodes>
      <leafValues>
        -5.5636912584304810e-01 1.4749327301979065e-01</leafValues></_>
    <_>
      <internalNodes>
        0 -1 21596 -2.6485800743103027e-02</internalNodes>
      <leafValues>
        9.2004185914993286e-01 -6.3445992767810822e-02</leafValues></_>
    <_>
      <internalNodes>
        0 -1 28550 -1.1661995202302933e-02</internalNodes>
      <leafValues>
        -5.0877702236175537e-01 1.5673652291297913e-01</leafValues></_>
    <_>
      <internalNodes>
        0 -1 156788 2.3528343066573143e-02</internalNodes>
      <leafValues>
        -9.0335823595523834e-02 7.0149260759353638e-01</leafValues></_>
    <_>
      <internalNodes>
        0 -1 48879 1.0186402127146721e-02</internalNodes>
      <leafValues>
        1.2902075052261353e-01 -5.4850262403488159e-01</leafValues></_>
    <_>
      <internalNodes>
        0 -1 175341 -1.7271760851144791e-02</internalNodes>
      <leafValues>
        7.1696770191192627e-01 -1.2601253390312195e-01</leafValues></_>
    <_>
      <internalNodes>
        0 -1 87001 -2.8475549072027206e-02</internalNodes>
      <leafValues>
        -8.8511437177658081e-01 9.9246650934219360e-02</leafValues></_>
    <_>
      <internalNodes>
        0 -1 170524 -1.1685677617788315e-01</internalNodes>
      <leafValues>
        -8.1585276126861572e-01 7.2682000696659088e-02</leafValues></_>
    <_>
      <internalNodes>
        0 -1 146424 9.7919367253780365e-03</internalNodes>
      <leafValues>
        8.3701588213443756e-02 -6.8547964096069336e-01</leafValues></_>
    <_>
      <internalNodes>
        0 -1 53607 8.9252870529890060e-03</internalNodes>
      <leafValues>
        1.1295361816883087e-01 -5.7383483648300171e-01</leafValues></_>
    <_>
      <internalNodes>
        0 -1 99641 -9.2053087428212166e-03</internalNodes>
      <leafValues>
        5.9394615888595581e-01 -1.3081578910350800e-01</leafValues></_>
    <_>
      <internalNodes>
        0 -1 58475 -2.2612232714891434e-03</internalNodes>
      <leafValues>
        7.9706197977066040e-01 -6.5454773604869843e-02</leafValues></_></weakClassifiers></stage21>
</opencv_storage>
