<?xml version="1.0"?>
<opencv_storage>
<stage19>
  <maxWeakCount>18</maxWeakCount>
  <stageThreshold>-9.6202582120895386e-01</stageThreshold>
  <weakClassifiers>
    <_>
      <internalNodes>
        0 -1 177049 -1.3078928925096989e-02</internalNodes>
      <leafValues>
        5.1020407676696777e-01 -3.8022813200950623e-01</leafValues></_>
    <_>
      <internalNodes>
        0 -1 41422 -5.1483973860740662e-02</internalNodes>
      <leafValues>
        -6.3594663143157959e-01 6.3233047723770142e-02</leafValues></_>
    <_>
      <internalNodes>
        0 -1 125787 2.4868021719157696e-03</internalNodes>
      <leafValues>
        -6.2347739934921265e-02 6.7183113098144531e-01</leafValues></_>
    <_>
      <internalNodes>
        0 -1 18112 -5.7078532874584198e-02</internalNodes>
      <leafValues>
        -8.4742760658264160e-01 8.0134779214859009e-02</leafValues></_>
    <_>
      <internalNodes>
        0 -1 135259 -4.4755794107913971e-02</internalNodes>
      <leafValues>
        -7.9384666681289673e-01 7.9892411828041077e-02</leafValues></_>
    <_>
      <internalNodes>
        0 -1 157706 -1.0384948551654816e-01</internalNodes>
      <leafValues>
        -2.0636424422264099e-01 3.5217094421386719e-01</leafValues></_>
    <_>
      <internalNodes>
        0 -1 176221 1.3261074200272560e-02</internalNodes>
      <leafValues>
        -8.3469122648239136e-02 8.1895786523818970e-01</leafValues></_>
    <_>
      <internalNodes>
        0 -1 123225 -1.3661119155585766e-03</internalNodes>
      <leafValues>
        4.7510862350463867e-01 -1.0704826563596725e-01</leafValues></_>
    <_>
      <internalNodes>
        0 -1 114204 -2.5609740987420082e-02</internalNodes>
      <leafValues>
        7.5012379884719849e-01 -8.7191231548786163e-02</leafValues></_>
    <_>
      <internalNodes>
        0 -1 92224 -1.1219637468457222e-02</internalNodes>
      <leafValues>
        4.8046687245368958e-01 -1.3153673708438873e-01</leafValues></_>
    <_>
      <internalNodes>
        0 -1 120037 5.9457812458276749e-03</internalNodes>
      <leafValues>
        -1.5331159532070160e-01 4.7413343191146851e-01</leafValues></_>
    <_>
      <internalNodes>
        0 -1 176991 -4.1512757539749146e-02</internalNodes>
      <leafValues>
        -9.7312778234481812e-01 7.9149201512336731e-02</leafValues></_>
    <_>
      <internalNodes>
        0 -1 58475 -6.1531295068562031e-04</internalNodes>
      <leafValues>
        4.9233162403106689e-01 -1.5076473355293274e-01</leafValues></_>
    <_>
      <internalNodes>
        0 -1 56717 -1.6156617552042007e-02</internalNodes>
      <leafValues>
        3.9540255069732666e-01 -1.6564396023750305e-01</leafValues></_>
    <_>
      <internalNodes>
        0 -1 8 -3.3351951278746128e-03</internalNodes>
      <leafValues>
        -1.0768140852451324e-01 5.9719318151473999e-01</leafValues></_>
    <_>
      <internalNodes>
        0 -1 142495 -5.6124979164451361e-04</internalNodes>
      <leafValues>
        2.4618503451347351e-01 -2.9467365145683289e-01</leafValues></_>
    <_>
      <internalNodes>
        0 -1 171099 6.4616076997481287e-05</internalNodes>
      <leafValues>
        2.6371267437934875e-01 -2.3758682608604431e-01</leafValues></_>
    <_>
      <internalNodes>
        0 -1 27313 4.1628425242379308e-04</internalNodes>
      <leafValues>
        -1.3874581456184387e-01 4.5836460590362549e-01</leafValues></_></weakClassifiers></stage19>
</opencv_storage>
