<?xml version="1.0"?>
<opencv_storage>
<stage28>
  <maxWeakCount>21</maxWeakCount>
  <stageThreshold>-9.2602026462554932e-01</stageThreshold>
  <weakClassifiers>
    <_>
      <internalNodes>
        0 -1 59373 5.4039587266743183e-03</internalNodes>
      <leafValues>
        -3.3689838647842407e-01 1.</leafValues></_>
    <_>
      <internalNodes>
        0 -1 56274 -1.4926058053970337e-01</internalNodes>
      <leafValues>
        -7.0191150903701782e-01 5.3500227630138397e-02</leafValues></_>
    <_>
      <internalNodes>
        0 -1 118800 -5.3224388509988785e-02</internalNodes>
      <leafValues>
        1.3559164106845856e-01 -5.1236867904663086e-01</leafValues></_>
    <_>
      <internalNodes>
        0 -1 9916 3.3029850572347641e-02</internalNodes>
      <leafValues>
        -6.8107083439826965e-02 6.9424438476562500e-01</leafValues></_>
    <_>
      <internalNodes>
        0 -1 85136 -3.6615226417779922e-03</internalNodes>
      <leafValues>
        5.2121445536613464e-02 -9.5282262563705444e-01</leafValues></_>
    <_>
      <internalNodes>
        0 -1 23198 -2.7553133666515350e-02</internalNodes>
      <leafValues>
        -2.1716436743736267e-01 2.6017692685127258e-01</leafValues></_>
    <_>
      <internalNodes>
        0 -1 170488 -2.6797439204528928e-04</internalNodes>
      <leafValues>
        -2.3917946219444275e-01 2.1791829168796539e-01</leafValues></_>
    <_>
      <internalNodes>
        0 -1 28159 7.1007519960403442e-02</internalNodes>
      <leafValues>
        -6.4797334372997284e-02 8.3373987674713135e-01</leafValues></_>
    <_>
      <internalNodes>
        0 -1 166361 7.4041904881596565e-03</internalNodes>
      <leafValues>
        6.6476076841354370e-02 -6.8025499582290649e-01</leafValues></_>
    <_>
      <internalNodes>
        0 -1 56346 -9.1677596792578697e-03</internalNodes>
      <leafValues>
        7.1587175130844116e-01 -5.6594919413328171e-02</leafValues></_>
    <_>
      <internalNodes>
        0 -1 173292 -1.2771189212799072e-03</internalNodes>
      <leafValues>
        5.1403176784515381e-01 -8.2871161401271820e-02</leafValues></_>
    <_>
      <internalNodes>
        0 -1 123302 -9.0876147150993347e-03</internalNodes>
      <leafValues>
        2.4974839389324188e-01 -1.7357079684734344e-01</leafValues></_>
    <_>
      <internalNodes>
        0 -1 77297 -5.8622928336262703e-03</internalNodes>
      <leafValues>
        3.3608016371726990e-01 -1.2958903610706329e-01</leafValues></_>
    <_>
      <internalNodes>
        0 -1 136475 1.1103741824626923e-02</internalNodes>
      <leafValues>
        -1.0375805199146271e-01 5.4642331600189209e-01</leafValues></_>
    <_>
      <internalNodes>
        0 -1 94867 3.0072059482336044e-02</internalNodes>
      <leafValues>
        6.7968659102916718e-02 -8.3513510227203369e-01</leafValues></_>
    <_>
      <internalNodes>
        0 -1 147605 2.0264342427253723e-02</internalNodes>
      <leafValues>
        -1.2111780047416687e-01 5.1848810911178589e-01</leafValues></_>
    <_>
      <internalNodes>
        0 -1 105602 4.2989188805222511e-03</internalNodes>
      <leafValues>
        -1.3478325307369232e-01 4.3912705779075623e-01</leafValues></_>
    <_>
      <internalNodes>
        0 -1 67657 9.3230586498975754e-03</internalNodes>
      <leafValues>
        -1.3809809088706970e-01 4.0052062273025513e-01</leafValues></_>
    <_>
      <internalNodes>
        0 -1 67521 5.6260393466800451e-04</internalNodes>
      <leafValues>
        2.5150462985038757e-01 -2.7600842714309692e-01</leafValues></_>
    <_>
      <internalNodes>
        0 -1 75044 -4.2713684961199760e-03</internalNodes>
      <leafValues>
        6.0368472337722778e-01 -1.0135023295879364e-01</leafValues></_>
    <_>
      <internalNodes>
        0 -1 160053 -7.9765710979700089e-03</internalNodes>
      <leafValues>
        -8.6130815744400024e-01 7.3249660432338715e-02</leafValues></_></weakClassifiers></stage28>
</opencv_storage>
