<?xml version="1.0"?>
<opencv_storage>
<stage14>
  <maxWeakCount>19</maxWeakCount>
  <stageThreshold>-1.0214995145797729e+00</stageThreshold>
  <weakClassifiers>
    <_>
      <internalNodes>
        0 -1 154701 2.6980526745319366e-03</internalNodes>
      <leafValues>
        -4.0400001406669617e-01 3.6000001430511475e-01</leafValues></_>
    <_>
      <internalNodes>
        0 -1 58469 -2.2795167751610279e-03</internalNodes>
      <leafValues>
        4.0809097886085510e-01 -2.0358592271804810e-01</leafValues></_>
    <_>
      <internalNodes>
        0 -1 9650 -3.6000770330429077e-01</internalNodes>
      <leafValues>
        -3.4586495161056519e-01 2.0418365299701691e-01</leafValues></_>
    <_>
      <internalNodes>
        0 -1 27701 -1.0596947744488716e-02</internalNodes>
      <leafValues>
        4.6841084957122803e-01 -1.5428788959980011e-01</leafValues></_>
    <_>
      <internalNodes>
        0 -1 174416 1.4509274624288082e-03</internalNodes>
      <leafValues>
        -1.2159034609794617e-01 4.8697078227996826e-01</leafValues></_>
    <_>
      <internalNodes>
        0 -1 134211 1.3118044007569551e-03</internalNodes>
      <leafValues>
        -1.8350157141685486e-01 3.6234849691390991e-01</leafValues></_>
    <_>
      <internalNodes>
        0 -1 133776 -1.9257597159594297e-03</internalNodes>
      <leafValues>
        1.2469419091939926e-01 -9.6890300512313843e-01</leafValues></_>
    <_>
      <internalNodes>
        0 -1 124752 1.2501893565058708e-02</internalNodes>
      <leafValues>
        -2.1390138566493988e-01 3.6075630784034729e-01</leafValues></_>
    <_>
      <internalNodes>
        0 -1 104939 1.3702893629670143e-02</internalNodes>
      <leafValues>
        -4.6655077487230301e-02 7.6636499166488647e-01</leafValues></_>
    <_>
      <internalNodes>
        0 -1 175971 4.1723818867467344e-04</internalNodes>
      <leafValues>
        -1.7873620986938477e-01 3.7400186061859131e-01</leafValues></_>
    <_>
      <internalNodes>
        0 -1 88169 -6.7175459116697311e-03</internalNodes>
      <leafValues>
        5.0816482305526733e-01 -1.5163910388946533e-01</leafValues></_>
    <_>
      <internalNodes>
        0 -1 96482 -4.6623870730400085e-03</internalNodes>
      <leafValues>
        -5.8713150024414063e-01 1.1365325748920441e-01</leafValues></_>
    <_>
      <internalNodes>
        0 -1 68933 -6.5870722755789757e-03</internalNodes>
      <leafValues>
        4.1863822937011719e-01 -1.5344141423702240e-01</leafValues></_>
    <_>
      <internalNodes>
        0 -1 81182 -2.0930885802954435e-03</internalNodes>
      <leafValues>
        3.8685604929924011e-01 -2.2095645964145660e-01</leafValues></_>
    <_>
      <internalNodes>
        0 -1 26067 -1.9456954300403595e-01</internalNodes>
      <leafValues>
        -3.7292912602424622e-01 2.0274376869201660e-01</leafValues></_>
    <_>
      <internalNodes>
        0 -1 160495 1.0667032329365611e-03</internalNodes>
      <leafValues>
        -2.2710430622100830e-01 3.5434001684188843e-01</leafValues></_>
    <_>
      <internalNodes>
        0 -1 66013 -4.2915325611829758e-03</internalNodes>
      <leafValues>
        8.5291825234889984e-02 -9.5800852775573730e-01</leafValues></_>
    <_>
      <internalNodes>
        0 -1 172296 -3.9023503661155701e-02</internalNodes>
      <leafValues>
        5.0957655906677246e-01 -1.5081474184989929e-01</leafValues></_>
    <_>
      <internalNodes>
        0 -1 62979 1.4203156752046198e-04</internalNodes>
      <leafValues>
        2.2475051879882813e-01 -2.9108142852783203e-01</leafValues></_></weakClassifiers></stage14>
</opencv_storage>
