<?xml version="1.0"?>
<opencv_storage>
<stage18>
  <maxWeakCount>20</maxWeakCount>
  <stageThreshold>-9.5511835813522339e-01</stageThreshold>
  <weakClassifiers>
    <_>
      <internalNodes>
        0 -1 61242 4.1088841855525970e-02</internalNodes>
      <leafValues>
        -3.5135135054588318e-01 1.</leafValues></_>
    <_>
      <internalNodes>
        0 -1 131915 2.4853348731994629e-02</internalNodes>
      <leafValues>
        -1.2049245089292526e-01 6.1834430694580078e-01</leafValues></_>
    <_>
      <internalNodes>
        0 -1 23490 -1.9577562808990479e-02</internalNodes>
      <leafValues>
        -6.2426275014877319e-01 1.0369174927473068e-01</leafValues></_>
    <_>
      <internalNodes>
        0 -1 23490 1.3542634434998035e-02</internalNodes>
      <leafValues>
        2.1708437800407410e-01 -4.9019333720207214e-01</leafValues></_>
    <_>
      <internalNodes>
        0 -1 21855 -1.4018887281417847e-01</internalNodes>
      <leafValues>
        1.4069850742816925e-01 -3.6106422543525696e-01</leafValues></_>
    <_>
      <internalNodes>
        0 -1 79136 -5.6256476091220975e-04</internalNodes>
      <leafValues>
        -3.2761251926422119e-01 1.9335900247097015e-01</leafValues></_>
    <_>
      <internalNodes>
        0 -1 142544 -5.9745900332927704e-02</internalNodes>
      <leafValues>
        8.3916294574737549e-01 -5.6512031704187393e-02</leafValues></_>
    <_>
      <internalNodes>
        0 -1 141374 -5.1394319161772728e-03</internalNodes>
      <leafValues>
        -4.9772986769676208e-01 1.3016353547573090e-01</leafValues></_>
    <_>
      <internalNodes>
        0 -1 143420 -2.5677803903818130e-02</internalNodes>
      <leafValues>
        7.1360802650451660e-01 -1.1520853638648987e-01</leafValues></_>
    <_>
      <internalNodes>
        0 -1 60959 -7.6598152518272400e-02</internalNodes>
      <leafValues>
        1.1346983164548874e-01 -5.3294730186462402e-01</leafValues></_>
    <_>
      <internalNodes>
        0 -1 166846 -7.2806910611689091e-03</internalNodes>
      <leafValues>
        -6.6718846559524536e-01 8.9753009378910065e-02</leafValues></_>
    <_>
      <internalNodes>
        0 -1 171079 2.3999633267521858e-02</internalNodes>
      <leafValues>
        -7.1813210844993591e-02 7.6769018173217773e-01</leafValues></_>
    <_>
      <internalNodes>
        0 -1 20950 -3.2486983400303870e-05</internalNodes>
      <leafValues>
        2.4275954067707062e-01 -2.5691556930541992e-01</leafValues></_>
    <_>
      <internalNodes>
        0 -1 157312 2.4936632253229618e-03</internalNodes>
      <leafValues>
        8.3779349923133850e-02 -7.1918940544128418e-01</leafValues></_>
    <_>
      <internalNodes>
        0 -1 62089 -3.4778006374835968e-02</internalNodes>
      <leafValues>
        7.9024618864059448e-01 -9.4572477042675018e-02</leafValues></_>
    <_>
      <internalNodes>
        0 -1 119613 1.8935014959424734e-03</internalNodes>
      <leafValues>
        1.7749311029911041e-01 -3.7392580509185791e-01</leafValues></_>
    <_>
      <internalNodes>
        0 -1 81259 -4.4638793915510178e-02</internalNodes>
      <leafValues>
        1.2428420037031174e-01 -5.0744765996932983e-01</leafValues></_>
    <_>
      <internalNodes>
        0 -1 138563 1.7226925119757652e-02</internalNodes>
      <leafValues>
        1.1789702624082565e-01 -4.5770907402038574e-01</leafValues></_>
    <_>
      <internalNodes>
        0 -1 121801 1.6128571005538106e-03</internalNodes>
      <leafValues>
        -1.8504579365253448e-01 4.2268255352973938e-01</leafValues></_>
    <_>
      <internalNodes>
        0 -1 80207 -1.6895396402105689e-04</internalNodes>
      <leafValues>
        -2.9368516802787781e-01 2.2570022940635681e-01</leafValues></_></weakClassifiers></stage18>
</opencv_storage>
