<?xml version="1.0"?>
<opencv_storage>
<stage9>
  <maxWeakCount>8</maxWeakCount>
  <stageThreshold>-8.4144008159637451e-01</stageThreshold>
  <weakClassifiers>
    <_>
      <internalNodes>
        0 -1 916 -1.5931279957294464e-01</internalNodes>
      <leafValues>
        5.6164383888244629e-01 -4.3027889728546143e-01</leafValues></_>
    <_>
      <internalNodes>
        0 -1 123905 -1.6932992730289698e-03</internalNodes>
      <leafValues>
        -8.6167567968368530e-01 1.6487690806388855e-01</leafValues></_>
    <_>
      <internalNodes>
        0 -1 171006 -9.0814445866271853e-04</internalNodes>
      <leafValues>
        -7.6678013801574707e-01 1.4761903882026672e-01</leafValues></_>
    <_>
      <internalNodes>
        0 -1 139907 -1.4349529519677162e-03</internalNodes>
      <leafValues>
        -8.5162860155105591e-01 1.2835435569286346e-01</leafValues></_>
    <_>
      <internalNodes>
        0 -1 106477 1.1498101521283388e-03</internalNodes>
      <leafValues>
        1.3230054080486298e-01 -8.1677722930908203e-01</leafValues></_>
    <_>
      <internalNodes>
        0 -1 54651 -2.1227128803730011e-01</internalNodes>
      <leafValues>
        5.7666712999343872e-01 -2.3237743973731995e-01</leafValues></_>
    <_>
      <internalNodes>
        0 -1 75551 1.8381412373855710e-03</internalNodes>
      <leafValues>
        1.5159544348716736e-01 -8.8251680135726929e-01</leafValues></_>
    <_>
      <internalNodes>
        0 -1 58235 1.5103903133422136e-03</internalNodes>
      <leafValues>
        1.2302256375551224e-01 -8.2388001680374146e-01</leafValues></_></weakClassifiers></stage9>
</opencv_storage>
