<?xml version="1.0"?>
<opencv_storage>
<stage23>
  <maxWeakCount>20</maxWeakCount>
  <stageThreshold>-9.4038397073745728e-01</stageThreshold>
  <weakClassifiers>
    <_>
      <internalNodes>
        0 -1 86654 1.2319540837779641e-03</internalNodes>
      <leafValues>
        -3.9382240176200867e-01 5.0877195596694946e-01</leafValues></_>
    <_>
      <internalNodes>
        0 -1 159337 5.1727774553000927e-04</internalNodes>
      <leafValues>
        -2.1475066244602203e-01 4.9642968177795410e-01</leafValues></_>
    <_>
      <internalNodes>
        0 -1 18700 -8.6793027818202972e-02</internalNodes>
      <leafValues>
        -9.4052320718765259e-01 1.2469280511140823e-01</leafValues></_>
    <_>
      <internalNodes>
        0 -1 177816 1.3979913201183081e-03</internalNodes>
      <leafValues>
        -7.0112258195877075e-02 8.9969259500503540e-01</leafValues></_>
    <_>
      <internalNodes>
        0 -1 168260 -8.2448846660554409e-04</internalNodes>
      <leafValues>
        6.5237134695053101e-01 -8.7244562804698944e-02</leafValues></_>
    <_>
      <internalNodes>
        0 -1 31861 -4.0472205728292465e-02</internalNodes>
      <leafValues>
        -9.2514507472515106e-02 8.1769287586212158e-01</leafValues></_>
    <_>
      <internalNodes>
        0 -1 154795 6.5008283127099276e-04</internalNodes>
      <leafValues>
        -1.3476531207561493e-01 4.6215543150901794e-01</leafValues></_>
    <_>
      <internalNodes>
        0 -1 141161 -2.2842884063720703e-03</internalNodes>
      <leafValues>
        -1.2044189125299454e-01 4.7785106301307678e-01</leafValues></_>
    <_>
      <internalNodes>
        0 -1 93695 -9.9829267710447311e-03</internalNodes>
      <leafValues>
        -6.0157430171966553e-01 1.2545877695083618e-01</leafValues></_>
    <_>
      <internalNodes>
        0 -1 108136 2.3186374455690384e-03</internalNodes>
      <leafValues>
        -1.4208108186721802e-01 5.0931733846664429e-01</leafValues></_>
    <_>
      <internalNodes>
        0 -1 24562 -7.5508430600166321e-02</internalNodes>
      <leafValues>
        1.2192771583795547e-01 -5.2825397253036499e-01</leafValues></_>
    <_>
      <internalNodes>
        0 -1 79911 -7.1827307343482971e-02</internalNodes>
      <leafValues>
        -3.3615580201148987e-01 2.2734631597995758e-01</leafValues></_>
    <_>
      <internalNodes>
        0 -1 141532 2.5659854873083532e-04</internalNodes>
      <leafValues>
        -1.7592252790927887e-01 3.8595888018608093e-01</leafValues></_>
    <_>
      <internalNodes>
        0 -1 126383 -8.3522580098360777e-04</internalNodes>
      <leafValues>
        5.6215596199035645e-01 -1.0818120837211609e-01</leafValues></_>
    <_>
      <internalNodes>
        0 -1 58673 8.6259581148624420e-03</internalNodes>
      <leafValues>
        1.1285124719142914e-01 -6.2942892313003540e-01</leafValues></_>
    <_>
      <internalNodes>
        0 -1 693 -6.4048565924167633e-02</internalNodes>
      <leafValues>
        -7.5704497098922729e-01 1.0224182158708572e-01</leafValues></_>
    <_>
      <internalNodes>
        0 -1 122283 7.1159127401188016e-04</internalNodes>
      <leafValues>
        -1.1941555142402649e-01 6.2646895647048950e-01</leafValues></_>
    <_>
      <internalNodes>
        0 -1 151717 4.2356834746897221e-03</internalNodes>
      <leafValues>
        2.1166421473026276e-01 -3.4489139914512634e-01</leafValues></_>
    <_>
      <internalNodes>
        0 -1 158398 -8.8330416474491358e-04</internalNodes>
      <leafValues>
        6.6677498817443848e-01 -1.1612667888402939e-01</leafValues></_>
    <_>
      <internalNodes>
        0 -1 105686 3.8079323712736368e-04</internalNodes>
      <leafValues>
        -1.4991687238216400e-01 4.9618095159530640e-01</leafValues></_></weakClassifiers></stage23>
</opencv_storage>
