<?xml version="1.0"?>
<opencv_storage>
<stage22>
  <maxWeakCount>15</maxWeakCount>
  <stageThreshold>-1.0796593427658081e+00</stageThreshold>
  <weakClassifiers>
    <_>
      <internalNodes>
        0 -1 84336 -1.0258442489430308e-03</internalNodes>
      <leafValues>
        5.4385966062545776e-01 -3.9768341183662415e-01</leafValues></_>
    <_>
      <internalNodes>
        0 -1 107147 7.5360119808465242e-04</internalNodes>
      <leafValues>
        -2.1848574280738831e-01 5.2250039577484131e-01</leafValues></_>
    <_>
      <internalNodes>
        0 -1 28282 -2.5883648544549942e-02</internalNodes>
      <leafValues>
        -6.1045157909393311e-01 1.7021521925926208e-01</leafValues></_>
    <_>
      <internalNodes>
        0 -1 37170 2.9938306659460068e-02</internalNodes>
      <leafValues>
        2.0435160398483276e-01 -5.1357883214950562e-01</leafValues></_>
    <_>
      <internalNodes>
        0 -1 149374 6.9967471063137054e-04</internalNodes>
      <leafValues>
        -1.7776450514793396e-01 5.6158775091171265e-01</leafValues></_>
    <_>
      <internalNodes>
        0 -1 98330 -2.6659240946173668e-02</internalNodes>
      <leafValues>
        7.9046183824539185e-01 -4.7007817775011063e-02</leafValues></_>
    <_>
      <internalNodes>
        0 -1 26529 6.4602971076965332e-02</internalNodes>
      <leafValues>
        1.1396685987710953e-01 -7.2210854291915894e-01</leafValues></_>
    <_>
      <internalNodes>
        0 -1 120650 -6.3033361220732331e-04</internalNodes>
      <leafValues>
        5.7098931074142456e-01 -1.4728869497776031e-01</leafValues></_>
    <_>
      <internalNodes>
        0 -1 56143 -9.4013847410678864e-03</internalNodes>
      <leafValues>
        -6.0150706768035889e-01 1.3284477591514587e-01</leafValues></_>
    <_>
      <internalNodes>
        0 -1 54723 -2.0514652132987976e-02</internalNodes>
      <leafValues>
        6.5038239955902100e-01 -1.5178981423377991e-01</leafValues></_>
    <_>
      <internalNodes>
        0 -1 68699 -1.9088822603225708e-01</internalNodes>
      <leafValues>
        -9.3590128421783447e-01 1.1559163779020309e-01</leafValues></_>
    <_>
      <internalNodes>
        0 -1 170744 1.6581248492002487e-02</internalNodes>
      <leafValues>
        -1.1116279661655426e-01 8.9137166738510132e-01</leafValues></_>
    <_>
      <internalNodes>
        0 -1 140580 -8.1955725327134132e-03</internalNodes>
      <leafValues>
        1.0700973868370056e-01 -9.1914367675781250e-01</leafValues></_>
    <_>
      <internalNodes>
        0 -1 18131 6.8579912185668945e-02</internalNodes>
      <leafValues>
        8.7627291679382324e-02 -7.6427590847015381e-01</leafValues></_>
    <_>
      <internalNodes>
        0 -1 59936 -4.7057412564754486e-02</internalNodes>
      <leafValues>
        -7.5331735610961914e-01 7.0314124226570129e-02</leafValues></_></weakClassifiers></stage22>
</opencv_storage>
