<?xml version="1.0"?>
<opencv_storage>
<stage3>
  <maxWeakCount>7</maxWeakCount>
  <stageThreshold>-1.1673058271408081e+00</stageThreshold>
  <weakClassifiers>
    <_>
      <internalNodes>
        0 -1 30239 6.3117556273937225e-03</internalNodes>
      <leafValues>
        -5.1886790990829468e-01 2.9801324009895325e-01</leafValues></_>
    <_>
      <internalNodes>
        0 -1 148084 1.1109186336398125e-02</internalNodes>
      <leafValues>
        -3.2976394891738892e-01 3.8285630941390991e-01</leafValues></_>
    <_>
      <internalNodes>
        0 -1 1094 -2.6402682997286320e-03</internalNodes>
      <leafValues>
        4.6897232532501221e-01 -2.4136318266391754e-01</leafValues></_>
    <_>
      <internalNodes>
        0 -1 9268 -7.7662440016865730e-03</internalNodes>
      <leafValues>
        1.2174887210130692e-01 -9.0164178609848022e-01</leafValues></_>
    <_>
      <internalNodes>
        0 -1 125591 6.7763902246952057e-02</internalNodes>
      <leafValues>
        -1.3070337474346161e-01 8.1295913457870483e-01</leafValues></_>
    <_>
      <internalNodes>
        0 -1 39618 3.9825057610869408e-03</internalNodes>
      <leafValues>
        -2.3269931972026825e-01 4.1198325157165527e-01</leafValues></_>
    <_>
      <internalNodes>
        0 -1 11482 5.8573083952069283e-03</internalNodes>
      <leafValues>
        1.4034405350685120e-01 -7.7931940555572510e-01</leafValues></_></weakClassifiers></stage3>
</opencv_storage>
