<?xml version="1.0"?>
<opencv_storage>
<stage27>
  <maxWeakCount>22</maxWeakCount>
  <stageThreshold>-9.2463129758834839e-01</stageThreshold>
  <weakClassifiers>
    <_>
      <internalNodes>
        0 -1 165804 -5.4941643029451370e-03</internalNodes>
      <leafValues>
        1. -3.3451956510543823e-01</leafValues></_>
    <_>
      <internalNodes>
        0 -1 71059 -1.6445707529783249e-02</internalNodes>
      <leafValues>
        -7.6504516601562500e-01 4.0905427187681198e-02</leafValues></_>
    <_>
      <internalNodes>
        0 -1 133667 -7.3253414593636990e-03</internalNodes>
      <leafValues>
        7.4023360013961792e-01 -4.3035093694925308e-02</leafValues></_>
    <_>
      <internalNodes>
        0 -1 109057 -1.3021760620176792e-02</internalNodes>
      <leafValues>
        3.4742665290832520e-01 -1.2082794308662415e-01</leafValues></_>
    <_>
      <internalNodes>
        0 -1 30052 1.7176050692796707e-02</internalNodes>
      <leafValues>
        -5.0389934331178665e-02 8.1930017471313477e-01</leafValues></_>
    <_>
      <internalNodes>
        0 -1 59236 2.8002373874187469e-02</internalNodes>
      <leafValues>
        5.0434030592441559e-02 -9.3183082342147827e-01</leafValues></_>
    <_>
      <internalNodes>
        0 -1 124521 5.0809187814593315e-03</internalNodes>
      <leafValues>
        -1.3789384067058563e-01 3.0605226755142212e-01</leafValues></_>
    <_>
      <internalNodes>
        0 -1 154065 -2.6229156646877527e-03</internalNodes>
      <leafValues>
        -5.6510802358388901e-02 6.1616718769073486e-01</leafValues></_>
    <_>
      <internalNodes>
        0 -1 135873 -7.3204338550567627e-02</internalNodes>
      <leafValues>
        -8.7358188629150391e-01 5.7224486023187637e-02</leafValues></_>
    <_>
      <internalNodes>
        0 -1 163586 -1.0295032989233732e-03</internalNodes>
      <leafValues>
        3.1693318486213684e-01 -1.5410803258419037e-01</leafValues></_>
    <_>
      <internalNodes>
        0 -1 142465 5.5791847407817841e-03</internalNodes>
      <leafValues>
        1.0180039703845978e-01 -5.3566396236419678e-01</leafValues></_>
    <_>
      <internalNodes>
        0 -1 33244 4.5779421925544739e-03</internalNodes>
      <leafValues>
        -1.3555707037448883e-01 4.6030420064926147e-01</leafValues></_>
    <_>
      <internalNodes>
        0 -1 57317 -8.6789936176501215e-05</internalNodes>
      <leafValues>
        -2.7565422654151917e-01 1.8213583528995514e-01</leafValues></_>
    <_>
      <internalNodes>
        0 -1 142204 -2.3828230798244476e-02</internalNodes>
      <leafValues>
        -7.1024519205093384e-01 7.7205933630466461e-02</leafValues></_>
    <_>
      <internalNodes>
        0 -1 60221 -3.7549063563346863e-02</internalNodes>
      <leafValues>
        4.2236432433128357e-01 -1.4304953813552856e-01</leafValues></_>
    <_>
      <internalNodes>
        0 -1 150705 -5.7389396242797375e-03</internalNodes>
      <leafValues>
        1.7912191152572632e-01 -3.3996421098709106e-01</leafValues></_>
    <_>
      <internalNodes>
        0 -1 164922 5.4832715541124344e-03</internalNodes>
      <leafValues>
        8.8177889585494995e-02 -6.0980236530303955e-01</leafValues></_>
    <_>
      <internalNodes>
        0 -1 80592 7.3508499190211296e-03</internalNodes>
      <leafValues>
        5.1471449434757233e-02 -8.1715828180313110e-01</leafValues></_>
    <_>
      <internalNodes>
        0 -1 28846 -2.4603296071290970e-02</internalNodes>
      <leafValues>
        3.0416938662528992e-01 -1.7612577974796295e-01</leafValues></_>
    <_>
      <internalNodes>
        0 -1 16552 -2.3024150729179382e-01</internalNodes>
      <leafValues>
        -2.1403643488883972e-01 2.5681796669960022e-01</leafValues></_>
    <_>
      <internalNodes>
        0 -1 105692 -2.2074269130825996e-02</internalNodes>
      <leafValues>
        7.2861057519912720e-01 -7.8824713826179504e-02</leafValues></_>
    <_>
      <internalNodes>
        0 -1 155529 -7.3097101412713528e-03</internalNodes>
      <leafValues>
        -4.4884750247001648e-01 1.2407927215099335e-01</leafValues></_></weakClassifiers></stage27>
</opencv_storage>
