<?xml version="1.0"?>
<opencv_storage>
<stage25>
  <maxWeakCount>23</maxWeakCount>
  <stageThreshold>-7.8692954778671265e-01</stageThreshold>
  <weakClassifiers>
    <_>
      <internalNodes>
        0 -1 31070 7.3386197909712791e-03</internalNodes>
      <leafValues>
        -3.4774774312973022e-01 8.9999997615814209e-01</leafValues></_>
    <_>
      <internalNodes>
        0 -1 85814 -2.5248421356081963e-02</internalNodes>
      <leafValues>
        2.9561737179756165e-01 -2.0659664273262024e-01</leafValues></_>
    <_>
      <internalNodes>
        0 -1 7095 2.1360915899276733e-01</internalNodes>
      <leafValues>
        -1.3501091301441193e-01 4.1444438695907593e-01</leafValues></_>
    <_>
      <internalNodes>
        0 -1 67388 -3.9091497659683228e-02</internalNodes>
      <leafValues>
        3.3281356096267700e-01 -1.7467024922370911e-01</leafValues></_>
    <_>
      <internalNodes>
        0 -1 798 -3.8345199823379517e-01</internalNodes>
      <leafValues>
        -8.9914196729660034e-01 5.4871756583452225e-02</leafValues></_>
    <_>
      <internalNodes>
        0 -1 54532 2.5388952344655991e-02</internalNodes>
      <leafValues>
        7.5070694088935852e-02 -7.2729277610778809e-01</leafValues></_>
    <_>
      <internalNodes>
        0 -1 82898 -2.0905656274408102e-03</internalNodes>
      <leafValues>
        3.0820006132125854e-01 -1.7667217552661896e-01</leafValues></_>
    <_>
      <internalNodes>
        0 -1 87394 -2.7020759880542755e-03</internalNodes>
      <leafValues>
        -1.3156467676162720e-01 4.4226324558258057e-01</leafValues></_>
    <_>
      <internalNodes>
        0 -1 81288 -4.8220907337963581e-03</internalNodes>
      <leafValues>
        8.3238494396209717e-01 -7.1720898151397705e-02</leafValues></_>
    <_>
      <internalNodes>
        0 -1 172268 2.1571229444816709e-04</internalNodes>
      <leafValues>
        2.0694734156131744e-01 -2.4982514977455139e-01</leafValues></_>
    <_>
      <internalNodes>
        0 -1 79200 -5.5121157318353653e-02</internalNodes>
      <leafValues>
        -9.2791214585304260e-02 5.1533228158950806e-01</leafValues></_>
    <_>
      <internalNodes>
        0 -1 19023 3.8045711815357208e-02</internalNodes>
      <leafValues>
        -2.1321535110473633e-01 2.6623758673667908e-01</leafValues></_>
    <_>
      <internalNodes>
        0 -1 22127 -3.8461871445178986e-03</internalNodes>
      <leafValues>
        3.1451603770256042e-01 -1.7209602892398834e-01</leafValues></_>
    <_>
      <internalNodes>
        0 -1 23853 -1.5740953385829926e-02</internalNodes>
      <leafValues>
        5.1520818471908569e-01 -9.7864106297492981e-02</leafValues></_>
    <_>
      <internalNodes>
        0 -1 48368 -4.8494879156351089e-02</internalNodes>
      <leafValues>
        6.5311700105667114e-01 -7.8233256936073303e-02</leafValues></_>
    <_>
      <internalNodes>
        0 -1 166074 -2.4764752015471458e-03</internalNodes>
      <leafValues>
        7.7665561437606812e-01 -5.5630534887313843e-02</leafValues></_>
    <_>
      <internalNodes>
        0 -1 111583 7.2084707207977772e-03</internalNodes>
      <leafValues>
        7.6024547219276428e-02 -8.2601612806320190e-01</leafValues></_>
    <_>
      <internalNodes>
        0 -1 52532 3.4631308517418802e-04</internalNodes>
      <leafValues>
        1.3659353554248810e-01 -3.7099209427833557e-01</leafValues></_>
    <_>
      <internalNodes>
        0 -1 64390 1.0302017908543348e-03</internalNodes>
      <leafValues>
        -1.6929054260253906e-01 3.1128540635108948e-01</leafValues></_>
    <_>
      <internalNodes>
        0 -1 19304 -1.8430056516081095e-03</internalNodes>
      <leafValues>
        -5.4377615451812744e-01 1.0137735307216644e-01</leafValues></_>
    <_>
      <internalNodes>
        0 -1 46982 -8.6682569235563278e-03</internalNodes>
      <leafValues>
        8.7115126848220825e-01 -7.3437079787254333e-02</leafValues></_>
    <_>
      <internalNodes>
        0 -1 56398 2.4210389703512192e-02</internalNodes>
      <leafValues>
        7.2690241038799286e-02 -7.9277408123016357e-01</leafValues></_>
    <_>
      <internalNodes>
        0 -1 9364 2.7742460370063782e-02</internalNodes>
      <leafValues>
        -2.4019959568977356e-01 2.2213770449161530e-01</leafValues></_></weakClassifiers></stage25>
</opencv_storage>
