<?xml version="1.0"?>
<opencv_storage>
<stage26>
  <maxWeakCount>20</maxWeakCount>
  <stageThreshold>-1.0655910968780518e+00</stageThreshold>
  <weakClassifiers>
    <_>
      <internalNodes>
        0 -1 39302 3.9493665099143982e-04</internalNodes>
      <leafValues>
        -4.2920354008674622e-01 1.5447154641151428e-01</leafValues></_>
    <_>
      <internalNodes>
        0 -1 70414 -3.0212882906198502e-02</internalNodes>
      <leafValues>
        1.0517003387212753e-01 -4.3153795599937439e-01</leafValues></_>
    <_>
      <internalNodes>
        0 -1 86237 5.8562541380524635e-04</internalNodes>
      <leafValues>
        -1.7315512895584106e-01 3.1898561120033264e-01</leafValues></_>
    <_>
      <internalNodes>
        0 -1 130503 -1.0156713426113129e-01</internalNodes>
      <leafValues>
        -2.2237621247768402e-01 2.5006759166717529e-01</leafValues></_>
    <_>
      <internalNodes>
        0 -1 50849 -2.3002235684543848e-03</internalNodes>
      <leafValues>
        -2.8548377752304077e-01 1.9913886487483978e-01</leafValues></_>
    <_>
      <internalNodes>
        0 -1 170227 -2.7903940528631210e-02</internalNodes>
      <leafValues>
        6.3821345567703247e-01 -6.4619988203048706e-02</leafValues></_>
    <_>
      <internalNodes>
        0 -1 170770 1.5186676755547523e-02</internalNodes>
      <leafValues>
        -7.9390250146389008e-02 5.9489506483078003e-01</leafValues></_>
    <_>
      <internalNodes>
        0 -1 63681 5.2770698675885797e-04</internalNodes>
      <leafValues>
        -2.2302547097206116e-01 2.4059875309467316e-01</leafValues></_>
    <_>
      <internalNodes>
        0 -1 30237 -6.9962821900844574e-02</internalNodes>
      <leafValues>
        -4.7873675823211670e-01 9.6872568130493164e-02</leafValues></_>
    <_>
      <internalNodes>
        0 -1 60667 -2.1290686726570129e-01</internalNodes>
      <leafValues>
        4.0394267439842224e-01 -1.3187602162361145e-01</leafValues></_>
    <_>
      <internalNodes>
        0 -1 84520 -1.2613482773303986e-02</internalNodes>
      <leafValues>
        -1.7462635040283203e-01 3.7608265876770020e-01</leafValues></_>
    <_>
      <internalNodes>
        0 -1 121258 3.1687207520008087e-03</internalNodes>
      <leafValues>
        -1.3489283621311188e-01 4.5257884263992310e-01</leafValues></_>
    <_>
      <internalNodes>
        0 -1 105956 -3.1883936375379562e-02</internalNodes>
      <leafValues>
        6.3589018583297729e-01 -7.6680496335029602e-02</leafValues></_>
    <_>
      <internalNodes>
        0 -1 165204 -3.0474015511572361e-03</internalNodes>
      <leafValues>
        -2.8982532024383545e-01 1.9612719118595123e-01</leafValues></_>
    <_>
      <internalNodes>
        0 -1 120771 -1.3561083469539881e-03</internalNodes>
      <leafValues>
        -2.8368249535560608e-01 1.9221058487892151e-01</leafValues></_>
    <_>
      <internalNodes>
        0 -1 82707 1.0962552623823285e-03</internalNodes>
      <leafValues>
        1.3917936384677887e-01 -3.7880939245223999e-01</leafValues></_>
    <_>
      <internalNodes>
        0 -1 17989 -7.4555026367306709e-03</internalNodes>
      <leafValues>
        5.3578455001115799e-02 -9.3649256229400635e-01</leafValues></_>
    <_>
      <internalNodes>
        0 -1 28526 -1.4455327764153481e-03</internalNodes>
      <leafValues>
        -2.5594770908355713e-01 2.3550412058830261e-01</leafValues></_>
    <_>
      <internalNodes>
        0 -1 176820 -3.0667358078062534e-03</internalNodes>
      <leafValues>
        -7.4620522558689117e-02 6.2545979022979736e-01</leafValues></_>
    <_>
      <internalNodes>
        0 -1 122938 -1.3535359874367714e-02</internalNodes>
      <leafValues>
        4.6794718503952026e-01 -1.2272844463586807e-01</leafValues></_></weakClassifiers></stage26>
</opencv_storage>
