<?xml version="1.0"?>
<opencv_storage>
<stage20>
  <maxWeakCount>16</maxWeakCount>
  <stageThreshold>-1.0470368862152100e+00</stageThreshold>
  <weakClassifiers>
    <_>
      <internalNodes>
        0 -1 105061 3.2642767764627934e-03</internalNodes>
      <leafValues>
        -3.6822429299354553e-01 5.5000001192092896e-01</leafValues></_>
    <_>
      <internalNodes>
        0 -1 165516 4.2671256233006716e-04</internalNodes>
      <leafValues>
        -2.0350219309329987e-01 3.6919748783111572e-01</leafValues></_>
    <_>
      <internalNodes>
        0 -1 1031 6.2549278140068054e-02</internalNodes>
      <leafValues>
        1.0283588618040085e-01 -8.4943538904190063e-01</leafValues></_>
    <_>
      <internalNodes>
        0 -1 107154 2.6323175989091396e-03</internalNodes>
      <leafValues>
        -1.1996266990900040e-01 5.9633469581604004e-01</leafValues></_>
    <_>
      <internalNodes>
        0 -1 117578 -2.6214665174484253e-01</internalNodes>
      <leafValues>
        -2.7016028761863708e-01 2.5374698638916016e-01</leafValues></_>
    <_>
      <internalNodes>
        0 -1 141791 -7.4613089673221111e-03</internalNodes>
      <leafValues>
        6.5626984834671021e-01 -9.4835333526134491e-02</leafValues></_>
    <_>
      <internalNodes>
        0 -1 147205 3.2835137099027634e-03</internalNodes>
      <leafValues>
        -1.5506273508071899e-01 4.0536963939666748e-01</leafValues></_>
    <_>
      <internalNodes>
        0 -1 15663 7.5302449986338615e-03</internalNodes>
      <leafValues>
        -1.3569143414497375e-01 4.9763253331184387e-01</leafValues></_>
    <_>
      <internalNodes>
        0 -1 141446 -4.2475163936614990e-03</internalNodes>
      <leafValues>
        4.5700106024742126e-01 -1.2669870257377625e-01</leafValues></_>
    <_>
      <internalNodes>
        0 -1 53175 -3.2155007123947144e-02</internalNodes>
      <leafValues>
        -9.6501445770263672e-01 6.7975327372550964e-02</leafValues></_>
    <_>
      <internalNodes>
        0 -1 107496 -3.9204368367791176e-03</internalNodes>
      <leafValues>
        5.8256596326828003e-01 -1.2095670402050018e-01</leafValues></_>
    <_>
      <internalNodes>
        0 -1 71310 -3.3557176589965820e-02</internalNodes>
      <leafValues>
        -8.4736710786819458e-01 8.2349859178066254e-02</leafValues></_>
    <_>
      <internalNodes>
        0 -1 124126 -1.4422616362571716e-01</internalNodes>
      <leafValues>
        -7.2854495048522949e-01 7.4481219053268433e-02</leafValues></_>
    <_>
      <internalNodes>
        0 -1 111435 2.5822101160883904e-03</internalNodes>
      <leafValues>
        -1.0820540040731430e-01 5.3820031881332397e-01</leafValues></_>
    <_>
      <internalNodes>
        0 -1 154401 3.0065942555665970e-03</internalNodes>
      <leafValues>
        -9.3217872083187103e-02 6.9419282674789429e-01</leafValues></_>
    <_>
      <internalNodes>
        0 -1 99525 2.4308327119797468e-03</internalNodes>
      <leafValues>
        -2.2456729412078857e-01 2.9436674714088440e-01</leafValues></_></weakClassifiers></stage20>
</opencv_storage>
