<?xml version="1.0"?>
<opencv_storage>
<stage29>
  <maxWeakCount>20</maxWeakCount>
  <stageThreshold>-7.3631018400192261e-01</stageThreshold>
  <weakClassifiers>
    <_>
      <internalNodes>
        0 -1 59279 3.8188842590898275e-03</internalNodes>
      <leafValues>
        -4.1592919826507568e-01 1.0569106042385101e-01</leafValues></_>
    <_>
      <internalNodes>
        0 -1 20909 -5.0821578502655029e-01</internalNodes>
      <leafValues>
        -9.3959969282150269e-01 3.3770088106393814e-02</leafValues></_>
    <_>
      <internalNodes>
        0 -1 153847 -1.2458322569727898e-02</internalNodes>
      <leafValues>
        -8.2465457916259766e-01 5.6419305503368378e-02</leafValues></_>
    <_>
      <internalNodes>
        0 -1 123270 -1.6588000580668449e-03</internalNodes>
      <leafValues>
        4.0438014268875122e-01 -1.1753984540700912e-01</leafValues></_>
    <_>
      <internalNodes>
        0 -1 151339 -2.3381214588880539e-02</internalNodes>
      <leafValues>
        -5.8679081499576569e-02 7.4182873964309692e-01</leafValues></_>
    <_>
      <internalNodes>
        0 -1 148600 -3.6779807414859533e-03</internalNodes>
      <leafValues>
        8.1937231123447418e-02 -5.6183522939682007e-01</leafValues></_>
    <_>
      <internalNodes>
        0 -1 125375 -2.5718834251165390e-02</internalNodes>
      <leafValues>
        -8.1583924591541290e-02 7.3113805055618286e-01</leafValues></_>
    <_>
      <internalNodes>
        0 -1 58151 1.1996265966445208e-03</internalNodes>
      <leafValues>
        1.7325215041637421e-01 -2.5393798947334290e-01</leafValues></_>
    <_>
      <internalNodes>
        0 -1 143657 -1.1325471103191376e-02</internalNodes>
      <leafValues>
        3.9216813445091248e-01 -1.2364288419485092e-01</leafValues></_>
    <_>
      <internalNodes>
        0 -1 105281 -3.2133066561073065e-03</internalNodes>
      <leafValues>
        -5.8414500951766968e-01 9.2531934380531311e-02</leafValues></_>
    <_>
      <internalNodes>
        0 -1 29662 -2.5919517502188683e-03</internalNodes>
      <leafValues>
        3.2402226328849792e-01 -1.8341936171054840e-01</leafValues></_>
    <_>
      <internalNodes>
        0 -1 29150 5.5650984868407249e-03</internalNodes>
      <leafValues>
        1.4896379411220551e-01 -3.1351190805435181e-01</leafValues></_>
    <_>
      <internalNodes>
        0 -1 82850 5.1123641431331635e-02</internalNodes>
      <leafValues>
        -8.9772567152976990e-02 5.2234643697738647e-01</leafValues></_>
    <_>
      <internalNodes>
        0 -1 26180 1.1118106544017792e-02</internalNodes>
      <leafValues>
        -7.6824598014354706e-02 6.2152141332626343e-01</leafValues></_>
    <_>
      <internalNodes>
        0 -1 47734 -2.4074176326394081e-02</internalNodes>
      <leafValues>
        5.7865291833877563e-01 -8.6801536381244659e-02</leafValues></_>
    <_>
      <internalNodes>
        0 -1 27003 -2.2715155035257339e-02</internalNodes>
      <leafValues>
        -5.6265419721603394e-01 1.0160060226917267e-01</leafValues></_>
    <_>
      <internalNodes>
        0 -1 81480 -3.3903822302818298e-02</internalNodes>
      <leafValues>
        5.4558432102203369e-01 -1.1008127778768539e-01</leafValues></_>
    <_>
      <internalNodes>
        0 -1 138956 -2.8731264173984528e-02</internalNodes>
      <leafValues>
        3.4658649563789368e-01 -1.4387258887290955e-01</leafValues></_>
    <_>
      <internalNodes>
        0 -1 123468 -1.0676300525665283e-01</internalNodes>
      <leafValues>
        -2.8534081578254700e-01 2.0815074443817139e-01</leafValues></_>
    <_>
      <internalNodes>
        0 -1 141791 -6.5482519567012787e-03</internalNodes>
      <leafValues>
        4.3552985787391663e-01 -1.4478914439678192e-01</leafValues></_></weakClassifiers></stage29>
</opencv_storage>
