<?xml version='1.0' encoding='utf-8'?>
<annotation>
	<folder>pos</folder>
	<filename>bg078.jpg</filename>
	<path>C:\Users\LiaoDaChing\Desktop\haar_training_project\pos\bg078.jpg</path>
	<source>
		<database>Unknown</database>
	</source>
	<size>
		<width>1774</width>
		<height>2364</height>
		<depth>3</depth>
	</size>
	<segmented>0</segmented>
	<object>
		<name>lamp</name>
		<pose>Unspecified</pose>
		<truncated>0</truncated>
		<difficult>0</difficult>
		<bndbox>
			<xmin>146</xmin>
			<ymin>672</ymin>
			<xmax>280</xmax>
			<ymax>1407</ymax>
		</bndbox>
	</object>
	<object>
		<name>lamp</name>
		<pose>Unspecified</pose>
		<truncated>0</truncated>
		<difficult>0</difficult>
		<bndbox>
			<xmin>1280</xmin>
			<ymin>1000</ymin>
			<xmax>1349</xmax>
			<ymax>1309</ymax>
		</bndbox>
	</object>
	<object>
		<name>lamp</name>
		<pose>Unspecified</pose>
		<truncated>0</truncated>
		<difficult>0</difficult>
		<bndbox>
			<xmin>1691</xmin>
			<ymin>954</ymin>
			<xmax>1771</xmax>
			<ymax>1365</ymax>
		</bndbox>
	</object>
</annotation>