<?xml version='1.0' encoding='utf-8'?>
<annotation>
	<folder>jpg1</folder>
	<filename>IMG_4975.jpg</filename>
	<path>C:\Users\LiaoDaChing\Desktop\haar_training_project\pos\IMG_4975.jpg</path>
	<source>
		<database>Unknown</database>
	</source>
	<size>
		<width>3024</width>
		<height>4032</height>
		<depth>3</depth>
	</size>
	<segmented>0</segmented>
	<object>
		<name>lamp</name>
		<pose>Unspecified</pose>
		<truncated>0</truncated>
		<difficult>0</difficult>
		<bndbox>
			<xmin>1098</xmin>
			<ymin>933</ymin>
			<xmax>1624</xmax>
			<ymax>3990</ymax>
		</bndbox>
	</object>
	<object>
		<name>lamp</name>
		<pose>Unspecified</pose>
		<truncated>0</truncated>
		<difficult>0</difficult>
		<bndbox>
			<xmin>572</xmin>
			<ymin>2820</ymin>
			<xmax>611</xmax>
			<ymax>3133</ymax>
		</bndbox>
	</object>
	<object>
		<name>lamp</name>
		<pose>Unspecified</pose>
		<truncated>0</truncated>
		<difficult>0</difficult>
		<bndbox>
			<xmin>216</xmin>
			<ymin>2829</ymin>
			<xmax>246</xmax>
			<ymax>3094</ymax>
		</bndbox>
	</object>
</annotation>