<?xml version='1.0' encoding='utf-8'?>
<annotation>
	<folder>jpg1</folder>
	<filename>IMG_4988.jpg</filename>
	<path>C:\Users\LiaoDaChing\Desktop\haar_training_project\pos\IMG_4988.jpg</path>
	<source>
		<database>Unknown</database>
	</source>
	<size>
		<width>3024</width>
		<height>4032</height>
		<depth>3</depth>
	</size>
	<segmented>0</segmented>
	<object>
		<name>lamp</name>
		<pose>Unspecified</pose>
		<truncated>1</truncated>
		<difficult>0</difficult>
		<bndbox>
			<xmin>842</xmin>
			<ymin>116</ymin>
			<xmax>1924</xmax>
			<ymax>4032</ymax>
		</bndbox>
	</object>
	<object>
		<name>lamp</name>
		<pose>Unspecified</pose>
		<truncated>0</truncated>
		<difficult>0</difficult>
		<bndbox>
			<xmin>798</xmin>
			<ymin>2433</ymin>
			<xmax>968</xmax>
			<ymax>3655</ymax>
		</bndbox>
	</object>
	<object>
		<name>lamp</name>
		<pose>Unspecified</pose>
		<truncated>0</truncated>
		<difficult>0</difficult>
		<bndbox>
			<xmin>1868</xmin>
			<ymin>2790</ymin>
			<xmax>1959</xmax>
			<ymax>3394</ymax>
		</bndbox>
	</object>
</annotation>