<?xml version='1.0' encoding='utf-8'?>
<annotation>
	<folder>jpg1</folder>
	<filename>IMG_4999.jpg</filename>
	<path>C:\Users\LiaoDaChing\Desktop\haar_training_project\pos\IMG_4999.jpg</path>
	<source>
		<database>Unknown</database>
	</source>
	<size>
		<width>3024</width>
		<height>4032</height>
		<depth>3</depth>
	</size>
	<segmented>0</segmented>
	<object>
		<name>lamp</name>
		<pose>Unspecified</pose>
		<truncated>0</truncated>
		<difficult>0</difficult>
		<bndbox>
			<xmin>533</xmin>
			<ymin>2455</ymin>
			<xmax>763</xmax>
			<ymax>3494</ymax>
		</bndbox>
	</object>
	<object>
		<name>lamp</name>
		<pose>Unspecified</pose>
		<truncated>1</truncated>
		<difficult>0</difficult>
		<bndbox>
			<xmin>1611</xmin>
			<ymin>955</ymin>
			<xmax>2194</xmax>
			<ymax>4032</ymax>
		</bndbox>
	</object>
</annotation>