<?xml version='1.0' encoding='utf-8'?>
<annotation>
	<folder>jpg1</folder>
	<filename>IMG_4978.jpg</filename>
	<path>C:\Users\LiaoDaChing\Desktop\haar_training_project\pos\IMG_4978.jpg</path>
	<source>
		<database>Unknown</database>
	</source>
	<size>
		<width>3024</width>
		<height>4032</height>
		<depth>3</depth>
	</size>
	<segmented>0</segmented>
	<object>
		<name>lamp</name>
		<pose>Unspecified</pose>
		<truncated>0</truncated>
		<difficult>0</difficult>
		<bndbox>
			<xmin>1537</xmin>
			<ymin>525</ymin>
			<xmax>1763</xmax>
			<ymax>3333</ymax>
		</bndbox>
	</object>
	<object>
		<name>lamp</name>
		<pose>Unspecified</pose>
		<truncated>0</truncated>
		<difficult>0</difficult>
		<bndbox>
			<xmin>11</xmin>
			<ymin>2351</ymin>
			<xmax>307</xmax>
			<ymax>2842</ymax>
		</bndbox>
	</object>
	<object>
		<name>lamp</name>
		<pose>Unspecified</pose>
		<truncated>0</truncated>
		<difficult>0</difficult>
		<bndbox>
			<xmin>2898</xmin>
			<ymin>2773</ymin>
			<xmax>2990</xmax>
			<ymax>3246</ymax>
		</bndbox>
	</object>
</annotation>