<?xml version='1.0' encoding='utf-8'?>
<annotation>
	<folder>jpg1</folder>
	<filename>IMG_4997.jpg</filename>
	<path>C:\Users\LiaoDaChing\Desktop\haar_training_project\pos\IMG_4997.jpg</path>
	<source>
		<database>Unknown</database>
	</source>
	<size>
		<width>3024</width>
		<height>4032</height>
		<depth>3</depth>
	</size>
	<segmented>0</segmented>
	<object>
		<name>lamp</name>
		<pose>Unspecified</pose>
		<truncated>0</truncated>
		<difficult>0</difficult>
		<bndbox>
			<xmin>1607</xmin>
			<ymin>1286</ymin>
			<xmax>2168</xmax>
			<ymax>3507</ymax>
		</bndbox>
	</object>
	<object>
		<name>lamp</name>
		<pose>Unspecified</pose>
		<truncated>0</truncated>
		<difficult>0</difficult>
		<bndbox>
			<xmin>2398</xmin>
			<ymin>2607</ymin>
			<xmax>2446</xmax>
			<ymax>3159</ymax>
		</bndbox>
	</object>
</annotation>