<?xml version='1.0' encoding='utf-8'?>
<annotation>
	<folder>pos</folder>
	<filename>LINE_ALBUM_Dataset_250613_117.jpg</filename>
	<path>C:\Users\LiaoDaChing\Desktop\haar_training_project\pos\LINE_ALBUM_Dataset_250613_117.jpg</path>
	<source>
		<database>Unknown</database>
	</source>
	<size>
		<width>1774</width>
		<height>2364</height>
		<depth>3</depth>
	</size>
	<segmented>0</segmented>
	<object>
		<name>lamp</name>
		<pose>Unspecified</pose>
		<truncated>0</truncated>
		<difficult>0</difficult>
		<bndbox>
			<xmin>204</xmin>
			<ymin>579</ymin>
			<xmax>337</xmax>
			<ymax>1334</ymax>
		</bndbox>
	</object>
	<object>
		<name>lamp</name>
		<pose>Unspecified</pose>
		<truncated>0</truncated>
		<difficult>0</difficult>
		<bndbox>
			<xmin>807</xmin>
			<ymin>924</ymin>
			<xmax>837</xmax>
			<ymax>1147</ymax>
		</bndbox>
	</object>
	<object>
		<name>lamp</name>
		<pose>Unspecified</pose>
		<truncated>0</truncated>
		<difficult>0</difficult>
		<bndbox>
			<xmin>974</xmin>
			<ymin>1032</ymin>
			<xmax>1009</xmax>
			<ymax>1172</ymax>
		</bndbox>
	</object>
	<object>
		<name>lamp</name>
		<pose>Unspecified</pose>
		<truncated>0</truncated>
		<difficult>0</difficult>
		<bndbox>
			<xmin>1029</xmin>
			<ymin>1049</ymin>
			<xmax>1057</xmax>
			<ymax>1144</ymax>
		</bndbox>
	</object>
	<object>
		<name>lamp</name>
		<pose>Unspecified</pose>
		<truncated>0</truncated>
		<difficult>0</difficult>
		<bndbox>
			<xmin>1147</xmin>
			<ymin>1074</ymin>
			<xmax>1172</xmax>
			<ymax>1142</ymax>
		</bndbox>
	</object>
	<object>
		<name>lamp</name>
		<pose>Unspecified</pose>
		<truncated>0</truncated>
		<difficult>0</difficult>
		<bndbox>
			<xmin>1064</xmin>
			<ymin>1067</ymin>
			<xmax>1084</xmax>
			<ymax>1147</ymax>
		</bndbox>
	</object>
</annotation>