<?xml version='1.0' encoding='utf-8'?>
<annotation>
	<folder>pos</folder>
	<filename>LINE_ALBUM_Dataset_250616_29.jpg</filename>
	<path>C:\Users\LiaoDaChing\Desktop\haar_training_project\pos\LINE_ALBUM_Dataset_250616_29.jpg</path>
	<source>
		<database>Unknown</database>
	</source>
	<size>
		<width>1774</width>
		<height>2364</height>
		<depth>3</depth>
	</size>
	<segmented>0</segmented>
	<object>
		<name>lamp</name>
		<pose>Unspecified</pose>
		<truncated>0</truncated>
		<difficult>0</difficult>
		<bndbox>
			<xmin>482</xmin>
			<ymin>437</ymin>
			<xmax>712</xmax>
			<ymax>1159</ymax>
		</bndbox>
	</object>
	<object>
		<name>lamp</name>
		<pose>Unspecified</pose>
		<truncated>0</truncated>
		<difficult>0</difficult>
		<bndbox>
			<xmin>802</xmin>
			<ymin>664</ymin>
			<xmax>904</xmax>
			<ymax>989</ymax>
		</bndbox>
	</object>
</annotation>