<?xml version='1.0' encoding='utf-8'?>
<annotation>
	<folder>pos</folder>
	<filename>LINE_ALBUM_Dataset_250613_263.jpg</filename>
	<path>C:\Users\LiaoDaChing\Desktop\haar_training_project\pos\LINE_ALBUM_Dataset_250613_263.jpg</path>
	<source>
		<database>Unknown</database>
	</source>
	<size>
		<width>1774</width>
		<height>2364</height>
		<depth>3</depth>
	</size>
	<segmented>0</segmented>
	<object>
		<name>lamp</name>
		<pose>Unspecified</pose>
		<truncated>0</truncated>
		<difficult>0</difficult>
		<bndbox>
			<xmin>289</xmin>
			<ymin>529</ymin>
			<xmax>424</xmax>
			<ymax>1364</ymax>
		</bndbox>
	</object>
	<object>
		<name>lamp</name>
		<pose>Unspecified</pose>
		<truncated>0</truncated>
		<difficult>0</difficult>
		<bndbox>
			<xmin>1402</xmin>
			<ymin>577</ymin>
			<xmax>1437</xmax>
			<ymax>1057</ymax>
		</bndbox>
	</object>
</annotation>