<?xml version='1.0' encoding='utf-8'?>
<annotation>
	<folder>pos</folder>
	<filename>LINE_ALBUM_Dataset_250613_168.jpg</filename>
	<path>C:\Users\LiaoDaChing\Desktop\haar_training_project\pos\LINE_ALBUM_Dataset_250613_168.jpg</path>
	<source>
		<database>Unknown</database>
	</source>
	<size>
		<width>1774</width>
		<height>2364</height>
		<depth>3</depth>
	</size>
	<segmented>0</segmented>
	<object>
		<name>lamp</name>
		<pose>Unspecified</pose>
		<truncated>0</truncated>
		<difficult>0</difficult>
		<bndbox>
			<xmin>1567</xmin>
			<ymin>909</ymin>
			<xmax>1644</xmax>
			<ymax>1467</ymax>
		</bndbox>
	</object>
	<object>
		<name>lamp</name>
		<pose>Unspecified</pose>
		<truncated>0</truncated>
		<difficult>0</difficult>
		<bndbox>
			<xmin>729</xmin>
			<ymin>1232</ymin>
			<xmax>757</xmax>
			<ymax>1259</ymax>
		</bndbox>
	</object>
</annotation>