<?xml version='1.0' encoding='utf-8'?>
<annotation>
	<folder>pos</folder>
	<filename>LINE_ALBUM_Dataset_250613_186.jpg</filename>
	<path>C:\Users\LiaoDaChing\Desktop\haar_training_project\pos\LINE_ALBUM_Dataset_250613_186.jpg</path>
	<source>
		<database>Unknown</database>
	</source>
	<size>
		<width>1774</width>
		<height>2364</height>
		<depth>3</depth>
	</size>
	<segmented>0</segmented>
	<object>
		<name>lamp</name>
		<pose>Unspecified</pose>
		<truncated>0</truncated>
		<difficult>0</difficult>
		<bndbox>
			<xmin>2</xmin>
			<ymin>802</ymin>
			<xmax>119</xmax>
			<ymax>1284</ymax>
		</bndbox>
	</object>
	<object>
		<name>lamp</name>
		<pose>Unspecified</pose>
		<truncated>0</truncated>
		<difficult>0</difficult>
		<bndbox>
			<xmin>1524</xmin>
			<ymin>1112</ymin>
			<xmax>1562</xmax>
			<ymax>1434</ymax>
		</bndbox>
	</object>
	<object>
		<name>lamp</name>
		<pose>Unspecified</pose>
		<truncated>0</truncated>
		<difficult>0</difficult>
		<bndbox>
			<xmin>812</xmin>
			<ymin>1097</ymin>
			<xmax>854</xmax>
			<ymax>1309</ymax>
		</bndbox>
	</object>
</annotation>